taxon,ALAS,APOB_exon_26,APOB_exon_29_part_1,APOB_exon_29_part_2,APP,ATPA7,BNDF,BRCA1_part_1,BRCA1_part_2,CALB,CHST12,CLU,CMA1,CXCR7,CYP1A1,DGKG,EPM2B,FES,GATA3,GHR,GNAZ,GNB1,HK1,MT-ATP6,MT-ATP8,MT-CO1,MT-CO2,MT-CO3,MT-CYB,MT-ND1,MT-ND2,MT-ND3,MT-ND4,MT-ND4L,MT-ND5,MT-ND6,MT-RNR1,MT-RNR2,PLP1,PNOC,RAG1_part_1,RAG1_part_2,RAG2,RBP3,RSA2,SIL,SRY,TBG,TCP1,TEME20,MT-TA_tRNA-Ala,MT-TC_tRNA-Cys,MT-TD_tRNA-Asp,MT-TE_tRNA-Glu,MT-TF_tRNA-Phe,MT-TG_tRNA-Gly,MT-TH_tRNA-His,MT-TI_tRNA-Ile,MT-TK_tRNA-Lys,MT-TM_tRNA-Met,MT-TN_tRNA-Asn,MT-TP_tRNA-Pro,MT-TQ_tRNA-Gln,MT-TR_tRNA-Arg,MT-TT_tRNA-Thr,MT-TV_tRNA-Val,MT-TW_tRNA-Trp,MT-TY_tRNA-Tyr,TTR,VANGL2,VTN,VWF,ZFX,ZFY
Homo_sapiens,,,AY324608,AY324608,AY919674,AL645821,,,,,BC095492,BC019588,M64269,BC036661,EF094025,,AY324850,,,,J03260,,,EU431081,EU443477,AY339446,,D38112,EF556187,EF660993,DQ246818,DQ826448,AF465969,AF465969,AP010683,AF465969,AP010763,,,U48263,M29474,,,J03912,,,,M14091,X52882,AL138923,AY495101,,AF465969,AF465969,V00710,AF465969,AF465969,AB043958,AF465969,,AY495101,AY495101,AY245555,,AF465969,,AY495092,,,AL445230,AF382388,,,
Mus_musculus,,,,BC141357,,AL672288,AY057907,U36475,U36475,,BC003201,BC075668,BC139759,BC015254,X01681,,,,,,BC014702,,,EF108340,EF108340,EF108340,AY533106,EF108340,EF108340,EF108340,EF108340,EF108340,EF108334,EF108334,EF108334,EF108334,X84382,EF108334,,D50055,,AY215075,,BC083133,,,X67204,AY575783,BC003809,BC137663,,,,,,,AY172335,,,,,AJ286322,AY172335,,AJ313368,,,,,AF365875,AL591177,,,
Rattus_norvegicus,,,M27440,M27440,,U59245,EF125675,AF036760,AF036760,,BC100096,BC061534,,,,,,,,J04811,,,,DQ673911,DQ673911,,,M27315,AF295545,X14848,DQ673907,X14848,AY769440,DQ673907,X14848,EU104730,DQ673907,DQ673907,,X97375,,,,AJ429134,,,X89730,M63991,,,J01435,,X14848,X14848,DQ673911,DQ673911,DQ673911,DQ673911,M27315,DQ673911,J01435,DQ673907,X14848,DQ673909,V01556,AY012115,AY769440,AY769440,,,BC105821,AJ224673,X75171,X75172
Artibeus_jamaicensis,,,,,AY011355,AY011419,AY011482,,,,,,,,,,,,,AF392895,,,,AF061340,AF061340,AF061340,AF061340,AF061340,,AF061340,AF061340,AF061340,AF061340,AF061340,AF061340,AF061340,AF061340,AF263225,,AY011846,,AY834655,AY011963,,,,,,,,U26288,AF061340,AF061340,AF061340,AF061340,AF061340,AF061340,AF061340,AF061340,AF061340,AF061340,AF061340,AF061340,AF061340,AF061340,AY012137,AF061340,AF061340,,,,AY834737,,
Mystacina_tuberculata,,,,,AY834479,AY834503,AY834527,AY245829,AY245829,,,,,,,,,,,,,,,AY960981,AY960981,AY960981,AY960981,AY960981,AY960981,AY960981,AY197036,AY960981,AY960981,AY960981,AY960981,AY960981,AF263222,AF263222,,AY834599,,AY245419,AY141021,,,,,,,,AY960981,AY960981,,AY960981,AY960981,AY960981,AY960981,,AY960981,AY960981,,AY960981,AY960981,AY960981,AY960981,AF263222,AY960981,AY960981,,,,AY245421,,
Tadarida_brasiliensis,,,,,,AY059683,AY059687,,,,,,,,,,,,,,,,,,,,,,,DQ979866,,,,,,,,,,,,,,,,,,,,,,,,,,,,,,,,,,,,,,,,,,,,
Bos_taurus,,,XM_583270,XM_583270,,XM_615430,NM_001046607,AF284013,AF284013,,BC123592,BC149632,XM_593156,BC134440,XM_588298,,,,,AM161140,,,,AY676866,AY676866,AY676866,AY676866,AY308068,AY885283,DQ124406,DQ124406,DQ124406,DQ124406,DQ124406,DQ124406,DQ124406,DQ124406,DQ124381,,NM_174150,,,NM_001082469,M20748,,,,AF204928,,,AY676866,AY676866,AY676866,AY676866,AY676866,AY676866,AY676866,AY676866,AY676866,AY676866,AY676866,AF034439,AY676866,AY676866,AY308068,AY676866,AY676866,AY676866,,XM_598791,BC103132,,D84097,AF032867
Equus_caballus,,AF548405,,,AY011366,AY011430,AB264324,AF284010,AF284010,,,,,,,,,,,AF392878,,,,EF597513,EF597513,EF597513,EF597513,EF597513,DQ297645,AY584828,AY584828,AY584828,AY584828,EF597513,EF597513,EF597513,EF597513,,,AY011855,,AF447516,AF447533,U48710,,,AB004572,,,,EF597513,EF597513,EF597512,EF597513,EF597513,EF597513,AY584828,EF597513,EF597513,EF597513,EF597513,AF014407,EF597513,EF597513,EF597513,EF597513,EF597513,X79547,,,,,,AF133198
Acinonyx_jubatus,DQ082560,,,,DQ081744,DQ082604,,,,DQ081784,,DQ081871,DQ081913,,,DQ081956,AY664398,DQ081997,DQ082040,DQ082084,DQ082128,DQ082169,DQ082211,AF344830,AY463959,AY463959,AY463959,AY463959,AY463959,AY463959,AY463959,AY463959,AY463959,AY463959,AY463959,AY463959,AY463959,AY463959,,DQ082299,,,DQ082344,,DQ082389,DQ082434,DQ095172,,DQ082477,,AF344830,AY463959,AY463959,AY463959,AY463959,AY463959,AY463959,AY463959,AY463959,AY463959,AY463959,AY463959,AY463959,AY463959,AY463959,AY463959,AY463959,AY463959,DQ082517,,,,AF252986,AF253016
Ailuropoda_melanoleuca,,,DQ240319,DQ240353,,,U56638,DQ240421,DQ240455,,DQ240584,,,DQ240618,,,,,,AF395535,,,,AM711896,EF212882,EF212882,EF212882,EF212882,X94918,EF212882,EF196663,EF212882,EF212882,EF212882,EF212882,EF212882,Y08521,AM711896,,,DQ240718,AB302262,,AY303836,,,AM748312,AY750669,,DQ240751,EF196663,AM711896,AM711896,AM711896,EF212882,EF212882,EF212882,EF196663,EF212882,EF212882,AM711896,EF196663,AM711896,AM711896,EF212882,EF212882,EF212882,EF196663,,DQ240785,DQ093103,AM748296,AF016380,DQ916309
Ailurus_fulgens,,AB193430,,,,,U56639,,,,,,,,,,,,,DQ205804,,,,AY598518,AM711897,AM711897,AM711897,AB291074,AM711897,AB291074,AY598524,AB291074,AY598526,AB291074,AB291074,AB291074,AB291074,AB291074,,,AY239188,AB188525,,AY525045,,,,AY750652,,,AB291074,AM711897,AM711897,AM711897,AM711897,AM711897,AM711897,AB291074,AM711897,AM711897,AM711897,AM711897,AM711897,AM711897,AM711897,AM711897,AM711897,AB291074,,,,,,
Aonyx_capensis,,,,,,,,,,,,,,,,,,,,AF498184,,,,,,,,,AF057118,,AY750615,,,,,,,,,,,,,,,,,,,,,,,,,,,,,,,,,,,,,,,,,,,
Aonyx_cinerea,,,,AF498107,,,,,,,,,,,,,,,,AF498185,,,,,,,,,AF057119,,,,,,,,U78327,U78327,,,,,,,,,,,,,,,,,,,,,,,,,,,,U78327,,,,,,,,
Arctictis_binturong,,,,,,,,,,,,,,,,,,,,,,,,,,,,,AY048793,,,,,,,,DQ286781,,,,,,,,,,,,,,,,,,,,,,,,,,,,,,,,,,,,,
Arctocephalus_australis,,,,,,,,,,,,,,,,,,,,DQ205810,,,,AY377312,AY377196,AY377150,AY377173,AY377265,AY377329,AY377363,AY377283,AY377219,AY377345,AY377242,AY377381,,,,,,,,,DQ205887,,,AY429653,,,,,,,,,,,,,,,,,,,,,,,,,,,
Arctocephalus_forsteri,,,,,,,,,,,,,,,,,,,,DQ205811,,,,AF513820,AF513820,AF513820,AF513820,AF513820,X82293,AF513820,AF513820,AF513820,AF513820,AF513820,AF513820,AF513820,Y08527,AF513820,,,,,,DQ205888,,,AY429652,,,,AF513820,AF513820,,AF513820,AF513820,AF513820,AF513820,AF513820,AF513820,AF513820,,,AF513820,AF513820,AF513820,AF513820,AF513820,AF513820,,,,,,
Arctocephalus_galapagoensis,,,,,,,,,,,,,,,,,,,,,,,,,,,,,AF380898,,,,,,,,,,,,,,,,,,,,,,,,,,,,,,,,,,,,,,,,,,,,,
Arctocephalus_gazella,,,,,,,,,,,,,,,,,,,,DQ205814,,,,,,,,,X82292,,,,,,,,Y08526,,,,,,,DQ205891,,,AY424651,,,,,,,,,,,,,,,,,,,,,,,,,,,
Arctocephalus_philippii,,,,,,,,,,,,,,,,,,,,,,,,,,,,,AF380893,,,,,,,,,,,,,,,,,,,,,,,,,,,,,,,,,,,,,,,,,,,,,
Arctocephalus_pusillus,,,,,,,,,,,,,,,,,,,,,,,,AM181018,AM181018,AM181018,AM181018,AM181018,AM181018,AM181018,AM181018,AM181018,AM181018,AM181018,AM181018,AM181018,AM181018,AM181018,,,,,,,,,,,,,AM181018,AM181018,AM181018,AM181018,AM181018,AM181018,AM181018,AM181018,AM181018,AM181018,AM181018,AM181018,AM181018,AM181018,AM181018,AM181018,AM181018,AM181018,,,,,,
Arctocephalus_townsendi,,,,,,,,,,,,,,,,,,,,,,,,AM181021,AM181021,AM181021,AM181021,AM181021,AM181021,AM181021,AM181021,AM181021,AM181021,AM181021,AM181021,AM181021,AM181021,AM181021,,,,,,,,,,,,,AM181021,AM181021,AM181021,AM181021,AM181021,AM181021,AM181021,AM181021,AM181021,AM181021,AM181021,AM181021,AM181021,AM181021,AM181021,AM181021,AM181021,AM181021,,,,,,
Arctocephalus_tropicalis,,,,,,,,,,,,,,,,,,,,,,,,,,,,,U18456,,,,,,,,,,,,,,,,,,,,,,,,,,,,,,,,,,,,,,,,,,,,,
Arctogalidia_trivirgata,,,,,,,,,,,,,,,,,,,,,,,,,,,,,AF125140,,,,,,,,,,,,,,,,,,,,,,,,,,,,,,,,,,,,,,,,,,,,,
Arctonyx_collaris,,,,AF498125,,,,,,,,,,,,,,,,AF498204,,,,,,,,,AF498157,,AY882064,,,,,,,,,,,,,AY525049,,,,,,,,,,,,,,,,,,,,,,,,,,,,,,
Atelocynus_microtis,,,DQ240290,DQ240323,,,DQ240357,,DQ240425,,DQ240555,,,DQ240588,,,,,,DQ240654,,,,,,,AY609140,,AF028135,,,,,,,,,,,,DQ240688,,,,,,,,,DQ240722,,,,,,,,,,,,,,,,,,,,DQ240755,AY885404,DQ240789,,
Atilax_paludinosus,,,,,,,,,,,,,,,,,,,,,,,,,,,,,AF522324,,AY974021,,,,,,,,,,,,,,,,,,,,,,,,,,,,,,,,,,,,,,,,,,,
Bassaricyon_alleni,,DQ660181,,,,,DQ660195,,,,,,,,,,,,,,,,,,,,,,DQ660299,,,,,,,,,,,DQ660244,,DQ660258,DQ660272,,,,,,,,,,,,,,,,,,,,,,,,,,,,,,,
Bassaricyon_beddardi,,,,,,,,,,,,,,,,,AY664384,,,,,,,,,,,,,,,,,,,,,,,,,,,,,,,,,,,,,,,,,,,,,,,,,,,,,,,,,
Bassaricyon_gabbii,,DQ660182,,,,,DQ660196,,,,,,,,,,,,,DQ533951,,,,,,DQ533937,,,X94931,,DQ533947,,,,,,Y08509,,,DQ660245,,DQ660259,DQ660273,DQ533952,,,,,,,,,,,,,,,,,,,,,,,,,,,,,,
Bassaricyon_lasius,,,,,,,,,,,,,,,,,,,,,,,,,,,,,,,,,,,,,,,,,,,,,,,,,,,,,,,,,,,,,,,,,,,,,,,,,,
Bassaricyon_pauli,,,,,,,,,,,,,,,,,,,,,,,,,,,,,,,,,,,,,,,,,,,,,,,,,,,,,,,,,,,,,,,,,,,,,,,,,,
Bassariscus_astutus,,DQ660183,,AF498127,,,DQ660197,,,,,,,,,,,,,AF498206,,,,,,DQ533935,,,AF498159,,DQ533945,,,,,,U78328,U78328,,DQ660246,,DQ660260,DQ660274,DQ205879,,,,,,,,,,,,,,,,,,,,,,U78328,,,,,,,,
Bassariscus_sumichrasti,,DQ660184,,,,,DQ660198,,,,,,,,,,,,,,,,,,,,,,DQ660301,,,,,,,,,,,DQ660247,,DQ660261,,,,,,,,,,,,,,,,,,,,,,,,,,,,,,,,
Bdeogale_crassicauda,,,,,,,,,,,,,,,,,,,,,,,,,,,,,AY950654,,,,,,,,,,,,,,,,,,,,,,,,,,,,,,,,,,,,,,,,,,,,,
Bdeogale_jacksoni,,,,,,,,,,,,,,,,,,,,,,,,,,,,,,,,,,,,,,,,,,,,,,,,,,,,,,,,,,,,,,,,,,,,,,,,,,
Bdeogale_nigripes,,,,,,,,,,,,,,,,,,,,,,,,,,,,,AY950655,,AY974022,,,,,,,,,,,,,,,,,,,,,,,,,,,,,,,,,,,,,,,,,,,
Callorhinus_ursinus,,AB193422,,,,,,,,,,,,,,,,,,,,,,AM181016,AM181016,AM181016,AM181016,AM181016,AM181016,AM181016,AY882068,AM181016,AM181016,AM181016,AM181016,AM181016,AM181016,AM181016,,,,AB188521,,AB188516,,,AY424652,AY750663,,,AM181016,AM181016,AM181016,AM181016,AM181016,AM181016,AM181016,AM181016,AM181016,AM181016,AM181016,AM181016,AM181016,AM181016,AM181016,AM181016,AM181016,AM181016,,,,,,
Canis_adustus,,,DQ240291,DQ240324,,,DQ240358,DQ240392,DQ240426,,DQ240556,,,DQ240589,AY885334,,,,,DQ240655,,,,,,,AF028208,,AF028136,,,,,,,,,,,,DQ240689,,,,,,,,,DQ240723,,,,,,,,,,,,,,,,,,,,DQ240756,AY885405,DQ240790,,
Canis_aureus,,,DQ240292,DQ240325,,,DQ240359,DQ240393,DQ240427,,DQ240557,,,DQ240590,AY885336,,AY664373,,,DQ240656,,,,,,,AF028210,,AY291433,,,,,,,,DQ102371,,,,DQ240690,,,,,,,,,DQ240724,,,,,,,,,,,,,,,,,,,,DQ240757,AY885407,DQ240791,,
Canis_latrans,,,DQ240293,DQ240326,,,DQ240360,DQ240394,DQ240428,,DQ240558,,,DQ240591,AY885338,,AY664372,,,DQ240657,,,,DQ480511,DQ480511,DQ480511,DQ480511,DQ480511,DQ480509,DQ480509,DQ480509,DQ480509,DQ480509,DQ480511,DQ480511,DQ480511,DQ480511,DQ480511,,,DQ240691,,,,,,,,,DQ240725,DQ480511,DQ480511,DQ480511,DQ480511,DQ480511,DQ480511,DQ480511,DQ480511,DQ480511,DQ480511,DQ480511,DQ480511,DQ480511,DQ480511,DQ480511,U78329,DQ480511,DQ480511,,DQ240758,AY885409,DQ240792,,AY145848
Canis_lupus,,AY928682,DQ240294,DQ240327,AY011372,AY011436,AB105074,DQ240395,DQ240429,,DQ240559,,U89607,DQ240592,AY885339,,AY664369,,,AF133835,,,,DQ480502,AY598495,DQ480496,DQ480502,DQ480502,AY598499,DQ480489,DQ480489,U96639,DQ480489,AY656748,AY656748,AY656748,AY656748,AY656748,,AY011861,DQ240692,,,AY525044,,,AF107021,AY750653,,DQ240726,DQ480507,DQ480507,DQ480507,DQ480507,DQ480502,DQ480502,DQ480502,DQ480502,DQ480502,DQ480502,DQ480507,DQ480502,DQ480507,AY729880,AY706515,DQ480502,DQ480502,DQ480502,,DQ240759,AY885410,U66246,,AB027765
Canis_mesomelas,,,DQ240295,DQ240328,,,DQ240362,DQ240396,DQ240430,,DQ240560,,,DQ240593,AY885340,,,,,DQ240659,,,,,,,AF028215,,AF028142,,,,,,,,,,,,DQ240693,,,,,,,,,DQ240727,,,,,,,,,,,,,,,,,,,,DQ240760,AY885411,DQ240794,,
Canis_simensis,,,DQ240296,DQ240329,,,DQ240363,DQ240397,DQ240431,,DQ240561,,,DQ240594,,,,,,DQ240660,,,,,,,L29414,,L29415,,,,,,,,,,,,DQ240694,,,,,,,,,DQ240728,,,,,,,,,,,,,,,,,,,,DQ240761,DQ239479,DQ240795,,
Caracal_caracal,DQ082565,,,,DQ081749,DQ082609,,,,DQ081789,,DQ081876,DQ081918,,,DQ081960,AY664399,DQ082001,DQ082045,DQ082089,DQ082133,DQ082173,DQ082216,,,,,,,,,,,,,,,,DQ082697,DQ082304,,,DQ082349,,DQ082394,DQ082439,DQ095175,,DQ082482,,,,,,,,,,,,,,,,,,,,DQ082521,,,,AF252992,AF253019
Catopuma_badia,DQ082575,,,,DQ081759,DQ082619,,,,DQ081799,,DQ081886,DQ081928,,,DQ081970,,DQ082011,DQ082055,,DQ082143,,DQ082226,,,,,,,,,,,,,,,,DQ082707,DQ082314,,,DQ082359,,DQ082404,DQ082449,,,DQ082492,,,,,,,,,,,,,,,,,,,,DQ082531,,,,,
Catopuma_temminckii,DQ082576,,,,DQ081760,DQ082620,,,,DQ081800,,DQ081887,DQ081929,,,DQ081971,,DQ082012,DQ082056,DQ082099,DQ082144,,DQ082227,,,,,,AY773082,,AY634381,,AY634393,,,,AY773085,,DQ082708,DQ082315,,,DQ082360,AY525034,DQ082405,DQ082450,DQ095193,,DQ082493,,,,,,,,,,,,,,,,,,,,DQ082532,,,,AF252984,AF253012
Cerdocyon_thous,,,DQ240297,DQ240330,,,DQ240364,DQ240398,DQ240432,,DQ240562,,,DQ240595,AY885341,,,,,DQ240661,,,,,,,AY609148,,EF106993,,,,,,,,,,,,DQ240695,,,,,,,,,DQ240729,,,,,,,,,,,,,,,,,,,,DQ240762,AY885412,DQ240796,,
Chrotogale_owstoni,,,,,,,,,,,,,,,,,,,,,,,,,,,,,AF125144,,,,,,,,DQ286780,,,,,,,,,,,,,,,,,,,,,,,,,,,,,,,,,,,,,
Chrysocyon_brachyurus,,,DQ240298,DQ240331,,,DQ240365,DQ240399,DQ240433,,DQ240563,,,DQ240596,AY885337,,,,,DQ240662,,,,,,,AF028211,,AF028139,,,,,,,,,,,,DQ240696,,,,,,,,,DQ240730,,,,,,,,,,,,,,,,,,,,DQ240763,AY885408,DQ240797,,
Civettictis_civetta,,,,,,,,,,,,,,,,,,,,,,,,,,,,,AY170105,,AY170048,,,,,,,,,,,,,AY170078,,,,,,,,,,,,,,,,,,,,,,,,,,,,,,
Conepatus_chinga,,,,,,,,,,,,,,,,,,,,,,,,,,,,,,,,,,,,,,,,,,,,,,,,,,,,,,,,,,,,,,,,,,,,,,,,,,
Conepatus_humboldtii,,,,,,,,,,,,,,,,,,,,,,,,,,,,,,,,,,,,,,,,,,,,,,,,,,,,,,,,,,,,,,,,,,,,,,,,,,
Conepatus_leuconotus,,,,,,,,,,,,,,,,,,,,DQ205807,,,,,,,,,DQ471836,,AY750616,,,,,,U78326,U78326,,,,,,DQ205883,,,,AY750656,,,,,,,,,,,,,,,,,,U78326,,,,,,,,
Conepatus_semistriatus,,,,,,,,,,,,,,,,,AY664377,,,,,,,,,,,,,,,,,,,,,,,,,,,,,,,,,,,,,,,,,,,,,,,,,,,,,,,,,
Crocuta_crocuta,DQ082585,AF548422,,,DQ081768,DQ082629,,,,,,,DQ081938,,,DQ081980,,DQ082021,DQ082065,AY928728,DQ082153,DQ082191,DQ082236,,,,,,AF511064,,AY974023,,,,,,,,DQ082717,DQ082324,,AY928752,DQ082369,AY170087,DQ082414,DQ082459,,AY750678,,,,,,,,,,,,,,,,,,,,,DQ082540,,,AJ891084,,
Crossarchus_alexandri,,,,,,,,,,,,,,,,,,,,,,,,,,,,,AF522326,,AY974024,,,,,,,,,,,,,,,,,,,,,,,,,,,,,,,,,,,,,,,,,,,
Crossarchus_ansorgei,,,,,,,,,,,,,,,,,,,,,,,,,,,,,,,,,,,,,,,,,,,,,,,,,,,,,,,,,,,,,,,,,,,,,,,,,,
Crossarchus_obscurus,,,,,,,,,,,,,,,,,,,,,,,,,,,,,AY170101,,AY170041,,,,,,,,,,,,,AY170071,,,,,,,,,,,,,,,,,,,,,,,,,,,,,,
Crossarchus_platycephalus,,,,,,,,,,,,,,,,,,,,,,,,,,,,,,,,,,,,,,,,,,,,,,,,,,,,,,,,,,,,,,,,,,,,,,,,,,
Cryptoprocta_ferox,DQ082589,AY928691,,,DQ081773,DQ082634,,,,DQ081811,,DQ081899,DQ081941,,,DQ081983,,DQ082026,DQ082069,AY928733,,DQ082196,DQ082239,,,,,,AF125139,,AY170036,,,,,,,,DQ082722,DQ082329,,AY928757,DQ082374,AY170066,DQ082419,DQ082463,,,DQ082504,,,,,,,,,,,,,,,,,,,,DQ082545,,,AJ891085,,
Cuon_alpinus,,,DQ240299,DQ240332,,,DQ240366,DQ240400,DQ240434,,DQ240564,,,DQ240597,AY885335,,AY664374,,,DQ240663,,,,,,,AY609142,,AF028137,,,,,,,,,,,,DQ240697,,,,,,,,,DQ240731,,,,,,,,,,,,,,,,,,,,DQ240764,AY885406,DQ240798,,
Cynictis_penicillata,,,,,,,,,,,,,,,,,,,,,,,,,,,,,AF511060,,AY974025,,,,,,,,,,,,,AY170079,,,,,,,,,,,,,,,,,,,,,,,,,,,,,,
Cynogale_bennettii,,,,,,,,,,,,,,,,,,,,,,,,,,,,,,,,,,,,,,,,,,,,,,,,,,,,,,,,,,,,,,,,,,,,,,,,,,
Cystophora_cristata,,,,,,,,,,,,,,,,,,,,DQ205816,,,,AY377306,AY377190,AY377144,AY140974,AY377259,AY140981,AM181028,AM181028,AM181028,AM181028,AM181028,AY377375,AM181028,AM181028,AM181028,,,,,,DQ205893,,,AY424658,,,,AM181028,AM181028,AM181028,AM181028,AM181028,AM181028,AM181028,AM181028,AM181028,AM181028,AM181028,AM181028,AM181028,AM181028,AM181028,AM181028,AM181028,AM181028,,,,,,
Diplogale_hosei,,,,,,,,,,,,,,,,,,,,,,,,,,,,,,,,,,,,,,,,,,,,,,,,,,,,,,,,,,,,,,,,,,,,,,,,,,
Dologale_dybowskii,,,,,,,,,,,,,,,,,,,,,,,,,,,,,,,,,,,,,,,,,,,,,,,,,,,,,,,,,,,,,,,,,,,,,,,,,,
Dusicyon_australis,,,,,,,,,,,,,,,,,,,,,,,,,,,,,,,,,,,,,,,,,,,,,,,,,,,,,,,,,,,,,,,,,,,,,,,,,,
Eira_barbara,,DQ660192,,AF498121,,,DQ660206,,,,,,,,,,,,,AF498199,,,,,,,,,AF498154,,AY750617,,,,,,,,,DQ660255,,DQ660269,DQ660282,,,,,,,,,,,,,,,,,,,,,,,,,,,,,,,
Enhydra_lutris,,AB193403,,AF498108,,,DQ660204,,,,,,,,,,,,,AF498186,,,,AB291077,AB291077,DQ533938,DQ093078,AB291077,AB291077,AB291077,AY750618,AB291077,AB291077,AB291077,AB291077,AB291077,AB291077,AB291077,,DQ660253,,AB109355,DQ660280,AB082978,,,AY424668,AY750657,,,AB291077,AB291077,AB291077,AB291077,AB291077,AB291077,AB291077,AB291077,AB291077,AB291077,AB291077,AB291077,AB291077,AB291077,AB291077,U78330,AB291077,AB291077,,,DQ093106,,,
Erignathus_barbatus,,,,,,,,,,,,,,,,,,,,DQ205817,,,,AY377305,AY377189,AY140968,AY140975,AY377258,AY170104,AY377356,AY377276,AM181027,AY377338,AM181027,AM181027,AM181027,AM181027,AM181027,,,,,,DQ205894,,,AY424665,AY750665,,,AM181027,AM181027,AM181027,AM181027,AM181027,AM181027,AM181027,AM181027,AM181027,AM181027,AM181027,AM181027,AM181027,AM181027,AM181027,AM181027,AM181027,AM181027,,,,,,
Eumetopias_jubatus,,AB193423,,,,,,,,,,,,,,,,,,DQ205813,,,,AB300602,AB300602,AB300602,AB300602,AB300602,AB300602,AB300602,AB300602,AB300602,AB300602,AB300608,AB300608,AB300608,AB300608,AB300608,,,,AB188522,,AB188517,,,AY424649,,,,AB300603,AB300603,AB300603,AB300603,AB300602,AB300602,AB300602,AB300602,AB300602,AB300602,AB300603,AB300602,AB300603,AB300603,AB300602,AB300602,AB300602,AB300602,,,,,,
Eupleres_goudotii,,,,,,,,,,,,,,,,,,,,,,,,,,,,,,,,,,,,,,,,,,,,,,,,,,,,,,,,,,,,,,,,,,,,,,,,AJ891088,,
Felis_bieti,DQ082549,,,,DQ081733,DQ082593,,,,DQ081775,,DQ081860,DQ081902,,,DQ081945,,DQ081987,DQ082030,DQ082073,DQ082117,DQ082158,DQ082200,,,,,,AY773081,,AY634390,,AY634402,,EF587179,EF587179,AY773084,,DQ082683,DQ082288,,,DQ082333,AY525033,DQ082378,DQ082423,DQ095192,,DQ082467,,,,,EF587179,,,,,,,,,,,,,,,DQ082508,,,,,
Felis_catus,DQ082546,,,,AY011369,AY011433,AF192537,AF284018,AF284018,DQ081774,,DQ081857,DQ081900,,AF459802,DQ081942,AY664393,DQ081984,DQ082027,DQ082070,DQ082114,DQ082156,DQ082197,U20753,AJ409133,U20753,U20753,U20753,AB004238,U20753,U20753,U20753,U20753,U20753,U20753,U20753,Y08503,U20753,DQ082680,DQ082285,,AF203761,AF203771,Z11811,DQ082375,DQ082420,AY424645,,DQ082464,,U20753,U20753,U20753,U20753,U20753,U20753,U20753,U20753,AJ409133,U20753,U20753,U20753,U20753,U20753,U20753,U20753,U20753,U20753,DQ082505,,,AF061062,AF252989,AF253014
Felis_chaus,DQ082551,,,,DQ081735,DQ082595,,,,,,DQ081862,DQ081904,,,DQ081947,,DQ081989,DQ082032,DQ082075,DQ082119,DQ082160,DQ082202,,,,,,,,,,,,,,,,DQ082685,DQ082290,,,DQ082335,,DQ082380,DQ082425,DQ095171,,,,,,,,,,,,,,,,,,,,,,DQ082509,,,,AF252990,AF253013
Felis_manul,DQ082553,,,,DQ081737,DQ082597,,,,DQ081777,,DQ081864,DQ081906,,,DQ081949,,DQ081991,DQ082034,DQ082077,DQ082121,DQ082162,DQ082204,,,,,,,,AY634387,,AY634399,,,,,,DQ082687,DQ082292,,,DQ082337,AY525039,DQ082382,DQ082427,DQ095178,,DQ082470,,,,,,,,,,,,,,,,,,,,DQ082511,,,,AF252994,AF252995
Felis_margarita,DQ082550,,,,DQ081734,DQ082594,,,,,,DQ081861,DQ081903,,,DQ081946,,DQ081988,DQ082031,DQ082074,DQ082118,DQ082159,DQ082201,,,,,,,,,,,,EF587035,EF587035,,,DQ082684,DQ082289,,,DQ082334,,DQ082379,DQ082424,DQ095169,,DQ082468,,,,,EF587034,,,,,,,,,,,,,,,,,,,,
Felis_nigripes,DQ082552,,,,DQ081736,DQ082596,,,,DQ081776,,DQ081863,DQ081905,,,DQ081948,,DQ081990,DQ082033,DQ082076,DQ082120,DQ082161,DQ082203,,,,,,,,,,,,,,,,DQ082686,DQ082291,,,DQ082336,,DQ082381,DQ082426,DQ095162,,DQ082469,,,,,,,,,,,,,,,,,,,,DQ082510,,,,,
Felis_silvestris,DQ082547,,,,DQ081732,DQ082592,,,,,,DQ081859,DQ081901,,,DQ081944,,DQ081985,DQ082029,DQ082071,DQ082116,DQ082157,DQ082199,,AJ409135,,,,AY170102,,AY170042,,,,EF587050,EF587050,,DQ334822,DQ082682,DQ082287,,,DQ082331,AY170072,DQ082376,DQ082421,DQ095168,AY750673,DQ082465,,,,,EF587030,,,,,AJ409135,,,,,,,,,,DQ082507,,,,AF252991,AF253015
Fossa_fossana,,,,,,,,,,,,,,,,,,,,,,,,,,,,,AY170097,,AY170037,,,,,,,,,,,,,AY170067,,,,AY750679,,,,,,,,,,,,,,,,,,,,,,,,AJ891089,,
Galerella_flavescens,,,,,,,,,,,,,,,,,,,,,,,,,,,,,,,,,,,,,,,,,,,,,,,,,,,,,,,,,,,,,,,,,,,,,,,,,,
Galerella_ochracea,,,,,,,,,,,,,,,,,,,,,,,,,,,,,,,,,,,,,,,,,,,,,,,,,,,,,,,,,,,,,,,,,,,,,,,,,,
Galerella_pulverulenta,,,,,,,,,,,,,,,,,,,,,,,,,,,,,AF522330,,AY974026,,,,,,U78332,U78332,,,,,,,,,,,,,,,,,,,,,,,,,,,,U78332,,,,,,,,
Galerella_sanguinea,,,,,,,,,,,,,,,,,,,,,,,,,,,,,AF522331,,AY974027,,,,,,,,,,,,,,,,,,,,,,,,,,,,,,,,,,,,,,,,,,,
Galictis_cuja,,,,,,,,,,,,,,,,,,,,,,,,,,,,,,,,,,,,,,,,,,,,,,,,,,,,,,,,,,,,,,,,,,,,,,,,,,
Galictis_vittata,,,,,,,,,,,,,,,,,AY664387,,,AF498200,,,,,,,,,AF498155,,,,,,,,,,,,,,,,,,,,,,,,,,,,,,,,,,,,,,,,,,,,,
Galidia_elegans,,,,,,,,,,,,,,,,,,,,,,,,,,,,,AY170099,,AY170039,,,,,,,,,,,,,AY170068,,,,,,,,,,,,,,,,,,,,,,,,,,,,AJ891090,,
Galidictis_fasciata,,,,,,,,,,,,,,,,,,,,,,,,,,,,,AY170100,,AY170040,,,,,,,,,,,,,AY170070,,,,AY750677,,,,,,,,,,,,,,,,,,,,,,,,AJ891091,,
Galidictis_grandidieri,,,,,,,,,,,,,,,,,,,,,,,,,,,,,,,,,,,,,,,,,,,,,,,,,,,,,,,,,,,,,,,,,,,,,,,,,,
Genetta_abyssinica,,,,,,,,,,,,,,,,,,,,,,,,,,,,,,,,,,,,,,,,,,,,,,,,,,,,,,,,,,,,,,,,,,,,,,,,,,
Genetta_angolensis,,,,,,,,,,,,,,,,,,,,,,,,,,,,,DQ395207,,,,,,,,,,,,,,,,,,,,,,,,,,,,,,,,,,,,,,,,,,,,DQ395185,
Genetta_bourloni,,,,,,,,,,,,,,,,,,,,,,,,,,,,,AY241898,,,,,,,,,,,,,,,,,,,,,,,,,,,,,,,,,,,,,,,,,,,,,
Genetta_cristata,,,,,,,,,,,,,,,,,,,,,,,,,,,,,AY241887,,,,,,,,,,,,,,,,,,,,,,,,,,,,,,,,,,,,,,,,,,,,,
Genetta_genetta,DQ082588,,,,DQ081772,DQ082633,,,,DQ081810,,DQ081898,DQ081940,,,DQ081982,,DQ082025,,DQ082112,DQ082155,DQ082195,,,,,,,AY241905,,,,,,,,,,DQ082721,DQ082328,,,DQ082373,DQ267565,DQ082418,DQ082462,,,DQ082503,,,,,,,,,,,,,,,,,,,,DQ082544,,,,DQ395184,DQ395194
Genetta_johnstoni,,,,,,,,,,,,,,,,,,,,,,,,,,,,,DQ267557,,,,,,,,,,,,,,,DQ267561,,,,,,,,,,,,,,,,,,,,,,,,,,,,,DQ395191,DQ395202
Genetta_maculata,,,,,,,,,,,,,,,,,,,,,,,,,,,,,AY241916,,,,,,,,,,,,,,,DQ267562,,,,,,,,,,,,,,,,,,,,,,,,,,,,,DQ395188,DQ395199
Genetta_pardina,,,,,,,,,,,,,,,,,,,,,,,,,,,,,AY241895,,,,,,,,,,,,,,,DQ267563,,,,,,,,,,,,,,,,,,,,,,,,,,,,,DQ395189,DQ395200
Genetta_piscivora,,,,,,,,,,,,,,,,,,,,,,,,,,,,,AF511050,,,,,,,,,,,,,,,,,,,,,,,,,,,,,,,,,,,,,,,,,,,,,
Genetta_poensis,,,,,,,,,,,,,,,,,,,,,,,,,,,,,AY241897,,,,,,,,,,,,,,,,,,,,,,,,,,,,,,,,,,,,,,,,,,,,,
Genetta_servalina,,,,,,,,,,,,,,,,,,,,,,,,,,,,,AY170115,,AY170058,,,,,,,,,,,,,AY170088,,,,,,,,,,,,,,,,,,,,,,,,,,,,,DQ395190,DQ395201
Genetta_thierryi,,,,,,,,,,,,,,,,,,,,,,,,,,,,,AF511052,,,,,,,,,,,,,,,DQ267560,,,,,,,,,,,,,,,,,,,,,,,,,,,,,DQ395192,DQ395203
Genetta_tigrina,,AY928684,,,,,,,,,,,,,,,,,,AY928724,,,,,,,,,AY928672,,,,,,,,,,,,,AY928748,,DQ267564,,,,,,,,,,,,,,,,,,,,,,,,,,,,,DQ395187,DQ395198
Genetta_victoriae,,,,,,,,,,,,,,,,,,,,,,,,,,,,,AY241894,,,,,,,,,,,,,,,,,,,,,,,,,,,,,,,,,,,,,,,,,,,,,
Gulo_gulo,,AB193407,,AF498120,,,,,,,,,,,,,AY664386,,,AF498198,,,,AM711901,AY377197,AY377151,AY377174,AY377266,DQ206373,AY377364,AY750619,AM711901,AY377346,AM711901,AM711901,AM711901,AM711901,AM711901,,,,AB109340,,AB082962,,,,,,,AM711901,AM711901,AM711901,AM711901,AM711901,AM711901,AM711901,AM711901,AM711901,AM711901,AM711901,AM711901,AM711901,AM711901,AM711901,U78333,AM711901,AM711901,,,,,,
Halichoerus_grypus,,,,,,,,,,,,,,,,,,,,DQ205826,,,,X72004,X72004,X72004,X72004,X72004,L39208,X72004,X72004,X72004,X72004,X72004,X72004,X72004,X72004,X72004,,,,,,DQ205902,,,AY424660,,,,X72004,X72004,X72004,X72004,X72004,X72004,X72004,X72004,X72004,X72004,X72004,X72004,X72004,X72004,X72004,X72004,X72004,X72004,,,,,,
Helarctos_malayanus,,,,,,,AF002240,,,,,,,,,,,,,DQ205800,,,,AY598584,AY598585,AY598586,AY598587,AY598588,U18899,EF196664,EF196664,EF196664,EF196664,EF196664,EF196664,EF196664,EF196664,EF196664,,,,,,AY303839,,,AM748308,,,,EF196664,EF196664,,EF196664,EF196664,EF196664,EF196664,EF196664,EF196664,EF196664,,U18900,EF196664,EF196664,U18900,EF196664,EF196664,EF196664,,,,AM748292,,AM748300
Helogale_hirtula,,,,,,,,,,,,,,,,,,,,,,,,,,,,,AF522335,,,,,,,,,,,,,,,,,,,,,,,,,,,,,,,,,,,,,,,,,,,,,
Helogale_parvula,DQ082586,,,,DQ081769,DQ082630,,,,,,,DQ081939,,,,,DQ082022,DQ082066,DQ082109,,DQ082192,DQ082237,,,,,,AF522333,,AY974028,,,,,,,,DQ082718,DQ082325,,,DQ082370,,DQ082415,DQ082460,,,,,,,,,,,,,,,,,,,,,,,DQ082541,,,,,
Hemigalus_derbyanus,,,,,,,,,,,,,,,,,,,,,,,,,,,,,AY170109,,AY170052,,,,,,,,,,,,,AY170082,,,,,,,,,,,,,,,,,,,,,,,,,,,,,,
Herpestes_brachyurus,,,,,,,,,,,,,,,,,,,,,,,,,,,,,,,,,,,,,,,,,,,,,,,,,,,,,,,,,,,,,,,,,,,,,,,,,,
Herpestes_edwardsi,,,,,,,,,,,,,,,,,,,,,,,,,,,,,DQ519053,,AY170050,,,,,,,,,,,,,AY170080,,,,,,,,,,,,,,,,,,,,,,,,,,,,,,
Herpestes_fuscus,,,,,,,,,,,,,,,,,,,,,,,,,,,,,,,,,,,,,,,,,,,,,,,,,,,,,,,,,,,,,,,,,,,,,,,,,,
Herpestes_ichneumon,,,,,,,,,,,,,,,,,,,,,,,,,,,,,AF522337,,AY974030,,,,,,,,,,,,,DQ267571,,,,,,,,,,,,,,,,,,,,,,,,,,,,,,
Herpestes_javanicus,,AY928687,,,,,,,,,,,,,,,,,,AY928727,,,,AY873843,AY873843,AY873843,AY873843,AY873843,DQ519061,AY873843,AY170051,AY873843,AY873843,AY873843,AY873843,AY873843,Y08506,AY873843,,,,AY928751,,AY170081,,,,,,,AY873843,AY873843,,AY873843,AY873843,AY873843,AY873843,AY873843,AY873843,AY873843,,AY873843,AY873843,AY873843,AY873843,AY873843,AY873843,AY873843,,,,,,
Herpestes_naso,,,,,,,,,,,,,,,,,,,,,,,,,,,,,AF522339,,AY974032,,,,,,,,,,,,,,,,,,,,,,,,,,,,,,,,,,,,,,,,,,,
Herpestes_semitorquatus,,,,,,,,,,,,,,,,,,,,,,,,,,,,,,,,,,,,,,,,,,,,,,,,,,,,,,,,,,,,,,,,,,,,,,,,,,
Herpestes_smithii,,,,,,,,,,,,,,,,,,,,,,,,,,,,,,,,,,,,,,,,,,,,,,,,,,,,,,,,,,,,,,,,,,,,,,,,,,
Herpestes_urva,,,,,,,,,,,,,,,,,,,,,,,,,,,,,DQ519074,,AY974033,,,,,,,,,,,,,,,,,,,,,,,,,,,,,,,,,,,,,,,,,,,
Herpestes_vitticollis,,,,,,,,,,,,,,,,,,,,,,,,,,,,,,,,,,,,,,,,,,,,,,,,,,,,,,,,,,,,,,,,,,,,,,,,,,
Histriophoca_fasciata,,,,,,,,,,,,,,,,,,,,,,,,AM181029,AM181029,AY140966,AM181029,AM181029,X82302,AM181029,AM181029,AM181029,AM181029,AM181029,AM181029,AM181029,AM181029,AM181029,,,,,,,,,,,,,AM181029,AM181029,AM181029,AM181029,AM181029,AM181029,AM181029,AM181029,AM181029,AM181029,AM181029,AM181029,AM181029,AM181029,AM181029,AM181029,AM181029,AM181029,,,,,,
Hyaena_brunnea,,AY928688,,,,,,,,,,,,,,,,,,AY928729,,,,,,,,,AY928677,,,,,,,,,,,,,AY928753,,,,,,,,,,,,,,,,,,,,,,,,,,,,,,,,
Hyaena_hyaena,,AY928689,,,,,,,,,,,,,,,,,,AY928730,,,,,,,,,AF511063,,,,,,,,,,,,,AY928754,,DQ267570,,,,,,,,,,,,,,,,,,,,,,,,,,,,,,
Hydrictis_maculicollis,,,,AF498113,,,,,,,,,,,,,AY664391,,,AF498191,,,,,,,,,AF057125,,,,,,,,,,,,,,,,,,,,,,,,,,,,,,,,,,,,,,,,,,,,,
Hydrurga_leptonyx,,,,,,,,,,,,,,,,,,,,DQ205818,,,,AM181026,AM181026,AM181026,AY377158,AY377249,AM181026,AM181026,AM181026,AM181026,AY377332,AY377226,AY377368,AY377317,AM181026,AM181026,,,,,,DQ205895,,,AY424655,,,,AM181026,AM181026,AM181026,AM181026,AM181026,AM181026,AM181026,AM181026,AM181026,AM181026,AM181026,AM181026,AM181026,AM181026,AM181026,AM181026,AM181026,AM181026,,,,,,
Ichneumia_albicauda,,,,,,,,,,,,,,,,,,,,,,,,,,,,,AF522341,,AY974034,,,,,,,,,,,,,,,,,,,,,,,,,,,,,,,,,,,,,,,,,,,
Ictonyx_libyca,,,,,,,,,,,,,,,,,,,,,,,,,,,,,,,,,,,,,,,,,,,,,,,,,,,,,,,,,,,,,,,,,,,,,,,,,,
Ictonyx_striatus,,AF548425,,AF498122,,,,,,,,,,,,,,,,AF498201,,,,,,,,,AF498156,,,,,,,,U78334,U78334,,,,,,,,,,,,,,,,,,,,,,,,,,,,U78334,,,,,,,,
Leopardus_braccatus,,,,,,,,,,,,,,,,,,,,,,,,,,,,,,,,,,,,,,,,,,,,,,,,,,,,,,,,,,,,,,,,,,,,,,,,,,
Leopardus_colocolo,DQ082573,,,,DQ081757,DQ082617,,,,DQ081797,,DQ081884,DQ081926,,,DQ081968,,DQ082009,DQ082053,DQ082097,DQ082141,DQ082181,DQ082224,,,,,,,,,,,,,,,,DQ082705,DQ082312,,,DQ082357,,DQ082402,DQ082447,DQ095183,,DQ082490,,,,,,,,,,,,,,,,,,,,DQ082529,,,,AF252969,AF252996
Leopardus_geoffroyi,DQ082571,,,,DQ081755,DQ082615,,,,DQ081795,,DQ081882,DQ081924,,,DQ081966,,DQ082007,DQ082051,DQ082095,DQ082139,DQ082179,DQ082222,,,,,,,,,,,,,,,,DQ082703,DQ082310,,,DQ082355,,DQ082400,DQ082445,DQ095194,,DQ082488,,,,,,,,,,,,,,,,,,,,DQ082527,,,,AF252973,AF253000
Leopardus_guigna,DQ082572,,,,DQ081756,DQ082616,,,,DQ081796,,DQ081883,DQ081925,,,DQ081967,,DQ082008,DQ082052,DQ082096,DQ082140,DQ082180,DQ082223,,,,,,,,,,,,,,,,DQ082704,DQ082311,,,DQ082356,,DQ082401,DQ082446,DQ095191,,DQ082489,,,,,,,,,,,,,,,,,,,,DQ082528,,,,,
Leopardus_jacobitus,DQ082570,,,,DQ081754,DQ082614,,,,DQ081794,,DQ081881,DQ081923,,,DQ081965,,DQ082006,DQ082050,DQ082094,DQ082138,DQ082178,DQ082221,,,,,,,,,,,,,,,,DQ082702,DQ082309,,,DQ082354,,DQ082399,DQ082444,,,DQ082487,,,,,,,,,,,,,,,,,,,,DQ082526,,,,,
Leopardus_pajeros,,,,,,,,,,,,,,,,,,,,,,,,,,,,,,,,,,,,,,,,,,,,,,,,,,,,,,,,,,,,,,,,,,,,,,,,,,
Leopardus_pardalis,DQ082568,AB193431,,,AY011370,AY011434,AY011497,,,DQ081792,,DQ081879,DQ081921,,,DQ081963,,DQ082004,DQ082048,DQ082092,DQ082136,DQ082176,DQ082219,,,,,,,,,,,,,,AY012150,AY011184,DQ082700,DQ082307,,AB109363,DQ082352,AB109335,DQ082397,DQ082442,DQ095177,AY750672,DQ082485,,,,,,,,,,,,,,,,,U78331,,,DQ082524,,,,AF252970,AF252997
Leopardus_tigrinus,DQ082574,,,,DQ081758,DQ082618,,,,DQ081798,,DQ081885,DQ081927,,,DQ081969,,DQ082010,DQ082054,DQ082098,DQ082142,DQ082182,DQ082225,,,,,,AY886752,,,,,,,,,,DQ082706,DQ082313,,,DQ082358,,DQ082403,DQ082448,DQ095173,,DQ082491,,,,,,,,,,,,,,,,,,,,DQ082530,,,,AF252971,AF252998
Leopardus_wiedii,DQ082569,,,,DQ081753,DQ082613,,,,DQ081793,,DQ081880,DQ081922,,,DQ081964,,DQ082005,DQ082049,DQ082093,DQ082137,DQ082177,DQ082220,,,,,,,,,,,,,,,,DQ082701,DQ082308,,,DQ082353,,DQ082398,DQ082443,DQ095186,,DQ082486,,,,,,,,,,,,,,,,,,,,DQ082525,,,,AF252972,AF252999
Leptailurus_serval,DQ082567,,,,DQ081751,DQ082611,,,,DQ081791,,DQ081878,DQ081920,,,DQ081962,,DQ082003,DQ082047,DQ082091,DQ082135,DQ082175,DQ082218,,,,,,,,,,,,,,,,DQ082699,DQ082306,,,DQ082351,,DQ082396,DQ082441,DQ095167,,DQ082484,,,,,,,,,,,,,,,,,,,,DQ082523,,,,AF252993,AF253020
Leptonychotes_weddellii,,,,,,,,,,,,,,,,,,,,,,,,AY377298,AY377183,AY377136,AY377160,AY377252,AM181025,AY377351,AY377271,AM181025,AM181025,AY377228,AY377369,AY377318,AY377289,AY377387,,,,,,DQ205903,,,,,,,AM181025,AM181025,AM181025,AM181025,AM181025,AM181025,AM181025,AM181025,AM181025,AM181025,AM181025,AM181025,AM181025,AM181025,AM181025,AM181025,AM181025,AM181025,,,,,,
Liberiictis_kuhni,,,,,,,,,,,,,,,,,,,,,,,,,,,,,AF522342,,AY750650,,,,,,,,,,,,,,,,,,,,,,,,,,,,,,,,,,,,,,,,,,,
Lobodon_carcinophaga,,,,,,,,,,,,,,,,,,,,DQ205819,,,,AY377292,AY377177,AY377130,AM181024,AY377245,AM181024,AM181024,AM181024,AM181024,AM181024,AY377223,AY377366,AY377315,AM181024,AM181024,,,,,,DQ205896,,,,,,,AM181024,AM181024,AM181024,AM181024,AM181024,AM181024,AM181024,AM181024,AM181024,AM181024,AM181024,AM181024,AM181024,AM181024,AM181024,AM181024,AM181024,AM181024,,,,,,
Lontra_canadensis,,,,AF498109,,,,,,,,,,,,,AY664390,,,AF498187,,,,AY598551,AY598552,AY598553,AY598554,AY598555,AF057121,AY598556,AY750620,AY598558,AY598559,AY598560,AY598561,,U78335,U78335,,,,,,DQ205884,,,,AY750658,,,,,,,AF418979,,,,,,,AF418979,,,AF418979,U78335,,,,,,,,
Lontra_felina,,,,AF498110,,,,,,,,,,,,,,,,AF498188,,,,,,,,,AF057122,,,,,,,,,,,,,,,,,,,,,,,,,,,,,,,,,,,,,,,,,,,,,
Lontra_longicaudis,,,,AF498111,,,,,,,,,,,,,,,,AF498189,,,,,,,DQ093079,,AF057123,,AY750621,,,,,,,,,,,,,,,,,,,,,,,,,,,,,,,,,,,,,,,,DQ093107,,,
Lontra_provocax,,,,,,,,,,,,,,,,,,,,,,,,,,,,,DQ341273,,,,,,,,,,,,,,,,,,,,,,,,,,,,,,,,,,,,,,,,,,,,,
Lutra_lutra,,,,AF498112,,,,,,,,,,,,,,,,AF498190,,,,,,,,,EF689067,,,,,,,,,,,,,,,,,,AY424667,,,,,,,,,,,,,,,,,,,,,,,,,,,EF409420
Lutra_nippon,,,,,,,,,,,,,,,,,,,,,,,,,,,,,,,,,,,,,,,,,,,,,,,,,,,,,,,,,,,,,,,,,,,,,,,,,,
Lutra_sumatrana,,,,,,,,,,,,,,,,,,,,,,,,,,,,,,,,,,,,,,,,,,,,,,,,,,,,,,,,,,,,,,,,,,,,,,,,,,
Lutrogale_perspicillata,,,,,,,,,,,,,,,,,,,,,,,,,,,,,,,,,,,,,,,,,,,,,,,,,,,,,,,,,,,,,,,,,,,,,,,,,,
Lycalopex_culpaeus,,,DQ240303,DQ240336,,,DQ240370,DQ240404,DQ240438,,DQ240568,,,DQ240601,,,,,,DQ240667,,,,,,,AF028223,,AF028151,,,,,,,,,,,,DQ240701,,,,,,,,,DQ240735,,,,,,,,,,,,,,,,,,,,DQ240768,,DQ240802,,
Lycalopex_fulvipes,,,DQ240304,DQ240337,,,DQ240371,DQ240405,DQ240439,,DQ240569,,,DQ240602,,,,,,DQ240668,,,,,,,,,,,,,,,,,,,,,DQ240702,,,,,,,,,DQ240736,,,,,,,,,,,,,,,,,,,,DQ240769,DQ239481,DQ240803,,
Lycalopex_griseus,,,DQ240305,DQ240338,,,DQ240372,DQ240406,DQ240440,,DQ240570,,,DQ240603,AY885343,,,,,DQ240669,,,,,,,AF028224,,AF028152,,,,,,,,,,,,DQ240703,,,,,,,,,DQ240737,,,,,,,,,,,,,,,,,,,,DQ240770,AY885414,DQ240804,,
Lycalopex_gymnocercus,,,DQ240306,DQ240339,,,DQ240373,DQ240407,DQ240441,,DQ240571,,,DQ240604,AY885344,,,,,DQ240670,,,,,,,AY609150,,EF106995,,,,,,,,,,,,DQ240704,,,,,,,,,DQ240738,,,,,,,,,,,,,,,,,,,,DQ240771,AY885415,DQ240805,,
Lycalopex_sechurae,,,DQ240307,DQ240340,,,DQ240374,DQ240408,DQ240442,,DQ240572,,,DQ240605,AY885345,,,,,DQ240671,,,,,,,AF028226,,AF028154,,,,,,,,,,,,DQ240705,,,,,,,,,DQ240739,,,,,,,,,,,,,,,,,,,,DQ240772,AY885416,DQ240806,,
Lycalopex_vetulus,,,DQ240308,DQ240341,,,DQ240375,DQ240409,DQ240443,,DQ240573,,,DQ240606,,,,,,DQ240672,,,,,,,AF028220,,EF106996,,,,,,,,,,,,DQ240706,,,,,,,,,,,,,,,,,,,,,,,,,,,,,DQ240773,DQ239482,DQ240807,,
Lycaon_pictus,,,DQ240300,DQ240333,,,DQ240367,DQ240401,DQ240435,,DQ240565,,,DQ240598,AY885347,,,,,DQ240664,,,,,,,AF028219,,S69130,,,,,,,,,,,,DQ240698,,,,,,,,,DQ240732,,,,,,,,,,,,,,,,,,,,DQ240765,AY885418,DQ240799,,
Lyncodon_patagonicus,,,,,,,,,,,,,,,,,,,,,,,,,,,,,,,,,,,,,,,,,,,,,,,,,,,,,,,,,,,,,,,,,,,,,,,,,,
Lynx_canadensis,DQ082563,AY928683,,,DQ081747,DQ082607,,,,DQ081787,,DQ081874,DQ081916,,,DQ081958,,DQ081999,DQ082043,AY928723,DQ082131,DQ082171,DQ082214,AY598470,AY598471,AY598472,AY598473,AY598474,AY928671,AY598476,AY598477,AY598478,AY598479,AY598480,AY598481,,AY499279,DQ334824,DQ082696,DQ082302,,AY928747,DQ082347,DQ205910,DQ082392,DQ082437,DQ095166,,DQ082480,,,,,,,,,,,,,,,,,,,,DQ082520,,,,,
Lynx_lynx,DQ082562,,,,DQ081746,DQ082606,,,,DQ081786,,DQ081873,DQ081915,,,DQ081957,,DQ081998,DQ082042,DQ082086,DQ082130,DQ082170,DQ082213,,,,,,D28902,,AY634389,,AY634401,,,,AY499271,,DQ082695,DQ082301,,,DQ082346,AY525038,DQ082391,DQ082436,DQ095165,,DQ082479,,,,,,,,,,,,,,,,,,,,DQ082519,,,,AF252974,AF253001
Lynx_pardinus,DQ082561,,,,DQ081745,DQ082605,,,,DQ081785,,DQ081872,DQ081914,,,,,,DQ082041,DQ082085,DQ082129,,DQ082212,,,,,,EF689048,,,,,,,,AY499266,,DQ082694,DQ082300,,,DQ082345,,DQ082390,DQ082435,DQ095185,,DQ082478,,,,,,,,,,,,,,,,,,,,DQ082518,,,,,
Lynx_rufus,DQ082564,,,,DQ081748,DQ082608,,,,DQ081788,,DQ081875,DQ081917,,,DQ081959,,DQ082000,DQ082044,DQ082088,DQ082132,DQ082172,DQ082215,,,,,,AY499329,,AY750644,,,,,,AY499274,,,DQ082303,,,DQ082348,DQ205913,DQ082393,DQ082438,DQ095170,AY750674,DQ082481,,,,,,,,,,,,,,,,,,,,,,,,AF252975,AF253002
Macrogalidia_musschenbroekii,,,,,,,,,,,,,,,,,,,,,,,,,,,,,,,,,,,,,,,,,,,,,,,,,,,,,,,,,,,,,,,,,,,,,,,,,,
Martes_americana,,AB193408,,AF498118,,,DQ660207,,,,,,,,,,,,,AF498196,,,,AY598540,AY598541,AY598542,AY598543,AY598544,AF154964,AY598545,AY598546,AY598547,AY598548,AY598549,AY598550,,U78336,U78336,,DQ660256,,AB109341,DQ660283,AB082963,,,,,,,,,,,,,,,,,,,,,,U78336,,,,,,,,
Martes_flavigula,,AB193409,,,,,,,,,,,,,,,,,,,,,,,,,,,AB012362,,AY750623,,,,,,,,,,,AB109342,,AY525048,,,,,,,,,,,,,,,,,,,,,,,,,,,,,,
Martes_foina,,AB193410,,,,,,,,,,,,,,,,,,,,,,,,,,,EF689071,,,,,,,,,,,,,AB109343,,AB082965,,,,,,,,,,,,,,,,,,,,,,,,,,,,,,
Martes_gwatkinsii,,,,,,,,,,,,,,,,,,,,,,,,,,,,,,,,,,,,,,,,,,,,,,,,,,,,,,,,,,,,,,,,,,,,,,,,,,
Martes_martes,,AB193411,,,,,,,,,,,,,,,,,,,,,,,,,,,AF448241,,,,,,,,,,,,,AB109344,,AB082966,,,,,,,,,,,,,,,,,,,,,,,,,,,,,,
Martes_melampus,,AB208514,,,,,,,,,,,,,,,,,,,,,,AB291076,AB291076,AB291076,AB291076,AB291076,AB051238,AB291076,AB291076,AB291076,AB291076,AB291076,AB291076,AB291076,AB291076,AB291076,,,,AB208515,,AB302258,,,,,,,AB291076,AB291076,AB291076,AB291076,AB291076,AB291076,AB291076,AB291076,AB291076,AB291076,AB291076,AB052722,AB291076,AB291076,AB052722,AB291076,AB291076,AB291076,,,,,,
Martes_pennanti,,,,AF498119,,,,,,,,,,,,,AY664389,,,AF498197,,,,,,,,,AF057131,,AY750624,,,,,,,,,,,,,,,,,,,,,,,,,,,,,,,,,,,,,,,,,,,
Martes_zibellina,,AB193412,,,,,,,,,,,,,,,,,,,,,,,,,,,AB012359,,AY882062,,,,,,,,,,,AB109345,,AY525047,,,,,,,,,,,,,,,,,,AB052728,,,AB052728,,,,,,,,,
Meles_anakuma,,,,,,,,,,,,,,,,,,,,,,,,AB291075,AB291075,AB291075,AB291075,AB291075,AB291075,AB291075,AB291075,AB291075,AB291075,AB291075,AB291075,AB291075,AB291075,AB291075,,,,,,AB302260,,,,,,,AB291075,AB291075,AB291075,AB291075,AB291075,AB291075,AB291075,AB291075,AB291075,AB291075,AB291075,AB291075,AB291075,AB291075,AB291075,AB291075,AB291075,AB291075,,,,,,
Meles_leucurus,,,,,,,,,,,,,,,,,,,,,,,,,,,,,,,,,,,,,,,,,,,,,,,,,,,,,,,,,,,,,,,,,,,,,,,,,,
Meles_meles,,AB193404,,AF498123,,,,,,,,,,,,,,,,AF498202,,,,AM711900,AM711900,AM711900,AM711900,AM711900,AB049795,AM711900,AM711900,AM711900,AM711900,AM711900,AM711900,AM711900,AM711900,AM711900,,,,AB109356,,AB082980,,,,,,,AM711900,AM711900,AM711900,AM711900,AM711900,AM711900,AM711900,AM711900,AM711900,AM711900,AM711900,AM711900,AM711900,AM711900,AM711900,U78337,AM711900,AM711900,,,,,,
Mellivora_capensis,,,,,,,,,,,,,,,,,,,,,,,,,,,,,,,,,,,,,,,,,,,,,,,,,,,,,,,,,,,,,,,,,,,,,,,,,,
Melogale_everetti,,,,,,,,,,,,,,,,,,,,,,,,,,,,,,,,,,,,,,,,,,,,,,,,,,,,,,,,,,,,,,,,,,,,,,,,,,
Melogale_moschata,,AB193405,,AF498126,,,,,,,,,,,,,AY664392,,,AF498205,,,,,,,,,AF498158,,,,,,,,,,,,,AB109357,,AB109330,,,,,,,,,,,,,,,,,,,,,,,,,,,,,,
Melogale_orientalis,,,,,,,,,,,,,,,,,,,,,,,,,,,,,,,,,,,,,,,,,,,,,,,,,,,,,,,,,,,,,,,,,,,,,,,,,,
Melogale_personata,,,,,,,,,,,,,,,,,,,,,,,,,,,,,,,,,,,,,,,,,,,,,,,,,,,,,,,,,,,,,,,,,,,,,,,,,,
Melursus_ursinus,,AB193428,,,,,,,,,,,,,,,,,,DQ205801,,,,EF196662,EF196662,EF196662,EF196662,EF196662,U23560,EF196662,EF196662,EF196662,EF196662,EF196662,EF196662,EF196662,EF196662,EF196662,,,,AB109362,,AY303838,,,AM748309,,,,EF196662,EF196662,,EF196662,EF196662,EF196662,EF196662,EF196662,EF196662,EF196662,,U23561,EF196662,EF196662,U23561,EF196662,EF196662,EF196662,,,,AM748293,,AM748301
Mephitis_macroura,,,,,,,,,,,,,,,,,,,,,,,,,,,,,DQ471840,,,,,,,,,,,,,,,,,,,,,,,,,,,,,,,,,,,,,,,,,,,,,
Mephitis_mephitis,,AB193406,,,,,,,,,,,,,,,,,,DQ205805,,,,AY598529,AY598530,AY598531,AY598532,AY598533,X94927,AY598534,AY598535,AY598536,AY598537,AY598538,AY598539,,Y08517,U78338,,,,AB109358,,AB109331,,,,AY750659,,,,,,,,,,,,,,,,,,U78338,,,,,,,,
Mirounga_angustirostris,,,DQ240320,DQ240354,,,DQ240388,DQ240422,DQ240456,,DQ240585,,,DQ240619,,,,,,DQ240685,,,,AY377300,AY377185,AY377139,AY377161,AY377253,AY377325,AY377352,AY377272,AY377207,AY377334,AY377231,AY377370,AY377319,AY377290,AY377388,,,DQ240719,,,DQ205897,,,AY424656,,,DQ240752,,,,,,,,,,,,,,,,,,,,DQ240786,DQ093104,,,
Mirounga_leonina,,,,,,,,,,,,,,,,,,,,,,,,AM181023,AM181023,AM181023,AM181023,AY377255,X82298,AY377353,AY377273,AM181023,AM181023,AY377232,AY377371,AY377320,AY377291,AM181023,AY196819,,,,,,,,AY424657,,,,AM181023,AM181023,AM181023,AM181023,AM181023,AM181023,AM181023,AM181023,AM181023,AM181023,AM181023,AM181023,AM181023,AM181023,AM181023,AM181023,AM181023,AM181023,,,,,,
Monachus_monachus,,,,,,,,,,,,,,,,,,,,DQ205822,,,,AY377304,AY377188,AY377142,AY377165,AY377257,AY377327,AY377355,AY377275,AY377211,AY377337,AY377234,AY377373,,,,,,,,,,,,,,,,,,,,,,,,,,,,,,,,,,,,,,,
Monachus_schauinslandi,,,,,,,,,,,,,,,,,,,,DQ205821,,,,AM181022,AM181022,AY377141,AY377164,AY377256,AM181022,AY377354,AM181022,AM181022,AY377336,AY377233,AM181022,AM181022,Y08524,AM181022,,,,,,DQ205898,,,AY424654,,,,AM181022,AM181022,,AM181022,AM181022,AM181022,AM181022,AM181022,AM181022,AM181022,AM181022,AM181022,AM181022,AM181022,AM181022,AM181022,AM181022,AM181022,,,,,,
Monachus_tropicalis,,,,,,,,,,,,,,,,,,,,,,,,,,,,,,,,,,,,,,,,,,,,,,,,,,,,,,,,,,,,,,,,,,,,,,,,,,
Mungos_gambianus,,,,,,,,,,,,,,,,,,,,,,,,,,,,,,,,,,,,,,,,,,,,,,,,,,,,,,,,,,,,,,,,,,,,,,,,,,
Mungos_mungo,,AY928686,,,,,,,,,,,,,,,,,,AY928726,,,,,,,,,AF522347,,AY170035,,,,,,,,,,,AY928750,,AY170065,,,,,,,,,,,,,,,,,,,,,,,,,,,,,,
Mungotictis_decemlineata,,,,,,,,,,,,,,,,,,,,,,,,,,,,,AY170094,,AY170033,,,,,,,,,,,,,AY170060,,,,,,,,,,,,,,,,,,,,,,,,,,,,,,
Mustela_africana,,,,,,,,,,,,,,,,,,,,,,,,,,,,,,,,,,,,,,,,,,,,,,,,,,,,,,,,,,,,,,,,,,,,,,,,,,
Mustela_altaica,,AB193413,,,,,,,,,,,,,,,,,,,,,,,,,,,AB051239,,,,,,,,,,,,,AB109346,,AB082968,,,,,,,,,,,,,,,,,,,,,,,,,,,,,,
Mustela_erminea,,AB193414,,AF498115,,,,,,,,,,,,,,,,AF498193,,,,,,,,,EF089091,,AY750626,,,,,,AF068553,,,,,AB109347,,AB082969,,,,,,,,,,,,,,,,,,EF089091,,,EF089085,,,,,,,,,
Mustela_eversmanii,,AB193415,,,,,,,,,,,,,,,,,,,,,,,,,,,AB026102,,,,,,,,,,,,,AB109348,,AB082970,,,,,,,,,,,,,,,,,,,,,,,,,,,,,,
Mustela_felipei,,,,,,,,,,,,,,,,,,,,,,,,,,,,,,,,,,,,,,,,,,,,,,,,,,,,,,,,,,,,,,,,,,,,,,,,,,
Mustela_frenata,,,,AF498116,,,,,,,,,,,,,,,,AF498194,,,,,,,,,AF498153,,AY750627,,,,,,U78339,U78339,,,,,,DQ205886,,,,AY750660,,,,,,,,,,,,,,,,,,U78339,,,,,,,,
Mustela_itatsi,,,,,,,,,,,,,,,,,,,,,,,,,,,,,AB026104,,,,,,,,,,,,,,,AB082971,,,,,,,,,,,,,,,,,,AB052718,,,AB052718,,,,,,,,,
Mustela_kathiah,,,,,,,,,,,,,,,,,,,,,,,,,,,,,,,AY882063,,,,,,,,,,,,,AY525046,,,,,,,,,,,,,,,,,,,,,,,,,,,,,,
Mustela_lutreola,,AB193416,,,,,,,,,,,,,,,,,,,,,,,,,,,AB026105,,AY750628,,,,,,,,,,,AB109349,,AB082972,,,,,,,,,,,,,,,,,,,,,,,,,,,,,,
Mustela_lutreolina,,,,,,,,,,,,,,,,,,,,,,,,,,,,,,,,,,,,,,,,,,,,,,,,,,,,,,,,,,,,,,,,,,,,,,,,,,
Mustela_nigripes,,,,,,,,,,,,,,,,,,,,,,,,,,,,,AJ489325,,,,,,,,AF068552,,,,,,,,,,,,,,,,,,,,,,,,,,,,,,,,,,,,,
Mustela_nivalis,,AB193417,,,,,,,,,,,,,,,,,,DQ205809,,,,,,DQ533939,,,DQ533943,,DQ533949,,,,,,Y08515,,,,,AB109350,,AB082973,,,,,,,,,,,,,,,,,,,,,,,,,,,,,,
Mustela_nudipes,,,,,,,,,,,,,,,,,,,,,,,,,,,,,,,,,,,,,,,,,,,,,,,,,,,,,,,,,,,,,,,,,,,,,,,,,,
Mustela_putorius,,AB193418,,,,,,,,,,,,,,,,,,DQ205808,,,,,,,,,AB026107,,AY750630,,,,,,Y08516,DQ983937,,,,AB109352,,AB082975,,,,,,,,,,,AY962040,,,,,,,AY962040,,,AY962040,U78340,,,,,,,,
Mustela_sibirica,,AB193420,,,,,,,,,,,,,,,,,,,,,,,,,,,AB051242,,AY750631,,,,,,,,,,,AB109353,,AB082976,,,,,,,,,,,,,,,,,,,,,,,,,,,,,,
Mustela_strigidorsa,,,,,,,,,,,,,,,,,,,,,,,,,,,,,,,,,,,,,,,,,,,,,,,,,,,,,,,,,,,,,,,,,,,,,,,,,,
Mustela_subpalmata,,,,,,,,,,,,,,,,,,,,,,,,,,,,,,,,,,,,,,,,,,,,,,,,,,,,,,,,,,,,,,,,,,,,,,,,,,
Mydaus_javanensis,,,,,,,,,,,,,,,,,,,,,,,,,,,,,,,AY750633,,,,,,,,,,,,,,,,,,,,,,,,,,,,,,,,,,,,,,,,,,,
Mydaus_marchei,,,,,,,,,,,,,,,,,,,,,,,,,,,,,,,,,,,,,U78342,U78342,,,,,,,,,,,,,,,,,,,,,,,,,,,,U78342,,,,,,,,
Nandinia_binotata,,AF548420,,,,,,,,,,,,,,,,,,AY928732,,,,,,,,,AF522350,,AY170053,,,,,,,,,,,AY928756,,AY170083,,,,AY750680,,,,,,,,,,,,,,,,,,,,,,,,,,
Nasua_narica,,DQ660185,,,,,DQ660199,,,,,,,,,,,,,DQ205802,,,,,,DQ533934,,,DQ533940,,DQ533944,,,,,,,,,DQ660248,,DQ660262,DQ660275,DQ205878,,,,,,,,,,,,,,,,,,,,,,,,,,,,,,
Nasua_nasua,,DQ660186,,,,,DQ660200,,,,,,,,,,AY664385,,,,,,,,,,,,DQ660303,,AY882060,,,,,,L21888,,,DQ660249,,DQ660263,DQ660276,AY525031,,,,,,,,,,,,,,,,,,L21867,,,,,,,,,,,,
Nasuella_olivacea,,,,,,,,,,,,,,,,,,,,,,,,,,,,,,,,,,,,,,,,,,,,,,,,,,,,,,,,,,,,,,,,,,,,,,,,,,
Neofelis_nebulosa,DQ082583,,,,DQ081766,DQ082627,,,,DQ081807,,DQ081894,DQ081936,,,DQ081978,,DQ082019,DQ082063,DQ082106,DQ082151,DQ082189,DQ082234,DQ257669,DQ257669,DQ257669,DQ257669,DQ257669,DQ257669,DQ257669,DQ257669,DQ257669,DQ257669,DQ257669,DQ257669,DQ257669,DQ257669,DQ257669,DQ082715,DQ082322,,,DQ082367,AY525032,DQ082412,DQ082457,DQ095189,,DQ082500,,DQ257669,DQ257669,DQ257669,DQ257669,DQ257669,DQ257669,DQ257669,DQ257669,DQ257669,DQ257669,DQ257669,DQ257669,DQ257669,DQ257669,DQ257669,DQ257669,DQ257669,DQ257669,DQ082539,,,,AF252979,AF253006
Neophoca_cinerea,,,,,,,,,,,,,,,,,,,,,,,,AM181020,AM181020,AM181020,AM181020,AM181020,AM181020,AM181020,AM181020,AM181020,AM181020,AM181020,AM181020,AM181020,AM181020,AM181020,,,,,,,,,,,,,AM181020,AM181020,AM181020,AM181020,AM181020,AM181020,AM181020,AM181020,AM181020,AM181020,AM181020,AM181020,AM181020,AM181020,AM181020,AM181020,AM181020,AM181020,,,,,,
Neovison_macrodon,,,,,,,,,,,,,,,,,,,,,,,,,,,,,,,,,,,,,,,,,,,,,,,,,,,,,,,,,,,,,,,,,,,,,,,,,,
Neovison_vison,,AB193421,,AF498117,,,DQ660205,,,,,,,,,,AY664388,,,AF498195,,,,AY377314,AY377198,AY377152,AY377175,AY377267,EF689073,AY377365,AY377285,AY377221,AY377347,AY377244,AY377383,,Y08514,DQ334816,,DQ660254,,AB109354,DQ660281,AB082977,,,,,,,,,,,,,,,,,,AB052720,,,AB052720,U78341,,,,,,,,
Nyctereutes_procyonoides,,,DQ240301,DQ240334,,,DQ240368,DQ240402,DQ240436,,DQ240566,,,DQ240599,AY885348,,,,,DQ240665,,,,,,,AF028221,,AF280070,,,,,,,,,,,,DQ240699,,,,,,,,,DQ240733,,,,,,,,,,,,,,,,,,,,DQ240766,AY885419,DQ240800,,
Odobenus_rosmarus,,,DQ240321,DQ240355,,,DQ240389,DQ240423,DQ240457,,DQ240586,,,DQ240620,,,,,,DQ240686,,,,AY377310,AJ428576,AY377148,AY377171,AY377263,AJ428576,AY377361,AY750637,AJ428576,AJ428576,AJ428576,AY377379,AJ428576,AJ428576,AJ428576,,,DQ240720,,,DQ205892,,,AY424653,AY750662,,DQ240753,AJ428576,AJ428576,AJ428576,AJ428576,AJ428576,AJ428576,,AJ428576,AJ428576,AJ428576,AJ428576,AJ428576,,AJ428576,AJ428576,U78343,AJ428576,AJ428576,,DQ240787,DQ093105,,,
Ommatophoca_rossii,,,,,,,,,,,,,,,,,,,,DQ205824,,,,AY377294,AY377179,AY377133,AY377156,AY377247,AY377322,AY377349,AY377269,AY377201,AY377331,AY377225,AY377367,AY377316,AY377287,AY377385,,,,,,DQ205900,,,,,,,,,,,,,,,,,,,,,,,,,,,,,,
Otaria_flavescens,,,,,,,,,,,,,,,,,,,,DQ205812,,,,AY377311,AY377195,AY377149,AY377172,AY377264,AY377328,AY377362,AY377282,AY377218,AY377344,AY377241,AY377380,,,,,,,,,DQ205889,,,,,,,,,,,,,,,,,,,,,,,,,,,,,,
Otocyon_megalotis,,,DQ240302,DQ240335,,,DQ240369,DQ240403,DQ240437,,DQ240567,,,DQ240600,AY885349,,,,,DQ240666,,,,,,,AF028222,,,,,,,,,,,,,,DQ240700,,,,,,,,,DQ240734,,,,,,,,,,,,,,,,,,,,DQ240767,AY885420,DQ240801,,
Pagophilus_groenlandicus,,,,,,,,,,,,,,,,,,,,DQ205825,,,,AM181030,AM181030,AM181030,AY377168,AY377260,X82303,AY377358,AY377278,AM181030,AM181030,AM181030,AY377376,AM181030,AM181030,AM181030,,,,AB302264,,DQ205901,,,AY424659,,,,AM181030,AM181030,AM181030,AM181030,AM181030,AM181030,AM181030,AM181030,AM181030,AM181030,AM181030,AM181030,AM181030,AM181030,AM181030,AM181030,AM181030,AM181030,,,,,,
Paguma_larvata,,AB193435,,,,,,,,,,,,,,,,,,,,,,,,,,,AF125151,,,,AY634405,,,,DQ286784,,,,,AB109367,,AY525040,,,,,,,,,,,,,,,,,,,,,,,,,,,,,,
Panthera_leo,DQ082578,AB193432,,,DQ081761,DQ082622,,,,DQ081802,,DQ081889,DQ081931,,,DQ081973,AY664394,DQ082014,DQ082058,AY928722,DQ082146,DQ082184,DQ082229,,,,,,DQ022292,,AY170043,,AY634398,,AF385614,AF385614,Y08505,,DQ082710,DQ082317,,AB109364,DQ082362,AY525036,DQ082407,DQ082452,DQ095164,AY750675,DQ082495,,,,,,,,,,,,,AY781205,,,AY781205,,,,DQ082534,,,,AF252980,AF253007
Panthera_onca,DQ082581,,,,AY011371,AY011435,AY011498,,,DQ081805,,DQ081892,DQ081934,,,DQ081976,,DQ082017,DQ082061,DQ082104,DQ082149,DQ082187,DQ082232,,,,,,,,AY634391,,AY634403,,,,AY012151,AY011185,DQ082713,DQ082320,,AY011917,DQ082365,,DQ082410,DQ082455,DQ095180,,DQ082498,,,,,,,,,,,,,,,,,AY012151,,,DQ082537,,,,AF252981,AF253008
Panthera_pardus,DQ082579,AB193433,,,DQ081762,DQ082623,,,,DQ081803,,DQ081890,DQ081932,,,DQ081974,AY664396,DQ082015,DQ082059,DQ082102,DQ082147,DQ082185,DQ082230,,,,,,EF056506,,AY634383,,AY634395,,AY035290,,AM779888,,DQ082711,DQ082318,,AB109365,DQ082363,AY525041,DQ082408,DQ082453,DQ095163,,DQ082496,,,,,,,,,,,,,,,,,,,,DQ082535,,,,AF252982,AF253009
Panthera_tigris,DQ082580,AB193434,,,DQ081763,DQ082624,,,,DQ081804,,DQ081891,DQ081933,,,DQ081975,AY664395,DQ082016,DQ082060,DQ082103,DQ082148,DQ082186,DQ082231,,,DQ151550,DQ151550,,AF053033,AY736673,AY750645,,AY634396,,DQ151550,DQ151550,Y08504,DQ151550,DQ082712,DQ082319,,AB109366,DQ082364,AY525037,DQ082409,DQ082454,DQ095160,AY750676,DQ082497,,DQ151550,DQ151550,DQ151550,DQ151550,DQ151550,,,DQ151550,DQ151550,DQ151550,DQ151550,AF053057,DQ151550,,DQ151550,DQ151550,DQ151550,DQ151550,DQ082536,,,,AF252983,AF253010
Paracynictis_selousi,,,,,,,,,,,,,,,,,,,,,,,,,,,,,,,AY750651,,,,,,,,,,,,,,,,,,,,,,,,,,,,,,,,,,,,,,,,,,,
Paradoxurus_hermaphroditus,,AY928685,,,DQ081771,DQ082632,,,,DQ081809,,DQ081897,,,,DQ081981,,DQ082024,DQ082068,AY928725,DQ082154,DQ082194,,,,,,,AB075975,,AY170056,,,,AB075977,,,,DQ082720,DQ082327,,AY928749,DQ082372,DQ267569,DQ082417,DQ082461,,,DQ082502,,,,,,,,,,,,,,,,,,,,DQ082543,,,,,
Paradoxurus_jerdoni,,,,,,,,,,,,,,,,,,,,,,,,,,,,,,,,,,,,,,,,,,,,,,,,,,,,,,,,,,,,,,,,,,,,,,,,,,
Paradoxurus_zeylonensis,,,,,,,,,,,,,,,,,,,,,,,,,,,,,,,,,,,,,,,,,,,,,,,,,,,,,,,,,,,,,,,,,,,,,,,,,,
Pardofelis_marmorata,DQ082577,,,,,DQ082621,,,,DQ081801,,DQ081888,DQ081930,,,DQ081972,,DQ082013,DQ082057,DQ082100,DQ082145,DQ082183,DQ082228,,,,,,AY499336,,,,,,,,AY499282,,DQ082709,DQ082316,,,DQ082361,,DQ082406,DQ082451,DQ095181,,DQ082494,,,,,,,,,,,,,,,,,,,,DQ082533,,,,,
Phoca_largha,,AB193424,,,,,,,,,,,,,,,,,,DQ205827,,,,AY377309,AY377193,AY377147,AY140972,AY377262,AY140979,AM181031,AY377280,AM181031,AY377342,AY377239,AY377378,AM181031,AM181031,AM181031,,,,AB188524,,AB188519,,,AY424664,,,,AM181031,AM181031,AM181031,AM181031,AM181031,AM181031,AM181031,AM181031,AM181031,AM181031,AM181031,AM181031,AM181031,AB244726,AM181031,AM181031,AM181031,AM181031,,,,,,
Phoca_vitulina,,AB193425,,,,,,,,,,,,,,,,,,,,,,AM181032,AM181032,AM181032,AM181032,AM181032,AM181032,AM181032,AM181032,AM181032,AM181032,AM181032,AM181032,AM181032,AM181032,AM181032,,,AY239187,AB188523,,AB188518,,,AY424662,AY750666,,,AM181032,AM181032,AM181032,AM181032,AM181032,AM181032,AM181032,AM181032,AM181032,AM181032,AM181032,AM181032,AM181032,AM181032,AM181032,X63726,AM181032,AM181032,,,,,,
Phocarctos_hookeri,,,,,,,,,,,,,,,,,,,,,,,,AM181019,AM181019,AM181019,AM181019,AM181019,AM181019,AM181019,AM181019,AM181019,AM181019,AM181019,AM181019,AM181019,AM181019,AM181019,,,,,,,,,,,,,AM181019,AM181019,AM181019,AM181019,AM181019,AM181019,AM181019,AM181019,AM181019,AM181019,AM181019,AM181019,AM181019,AM181019,AM181019,AM181019,AM181019,AM181019,,,,,,
Poecilogale_albinucha,,,,,,,,,,,,,,,,,,,,,,,,,,,,,,,AY750634,,,,,,,,,,,,,,,,,,,,,,,,,,,,,,,,,,,,,,,,,,,
Poiana_leightoni,,,,,,,,,,,,,,,,,,,,,,,,,,,,,,,,,,,,,,,,,,,,,,,,,,,,,,,,,,,,,,,,,,,,,,,,,,
Poiana_richardsonii,,,,,,,,,,,,,,,,,,,,,,,,,,,,,AY241891,,,,,,,,,,,,,,,DQ267559,,,,,,,,,,,,,,,,,,,,,,,,,,,,,DQ395193,DQ395204
Potos_flavus,,DQ660187,,,,,DQ660201,,,,,,,,,,AY664378,,,DQ205803,,,,,,DQ533936,,,DQ660304,,AY882059,,,,,,U78344,U78344,,DQ660250,,DQ660264,DQ660277,AY525030,,,,AY750667,,,,,,,,,,,,,,L21865,,,,U78344,,,,,,,,
Prionailurus_bengalensis,DQ082555,,,,DQ081739,DQ082599,,,,DQ081779,,DQ081866,DQ081908,,,DQ081951,,DQ081993,,DQ082079,DQ082123,DQ082164,DQ082206,,,,,,AB194818,,AY634388,,AY634400,,,,D28890,,DQ082689,DQ082294,,,DQ082339,AY525035,DQ082384,DQ082429,DQ095184,,DQ082472,,,,,,,,,,,,,,,,,,,,DQ082513,,,,AF252977,AF253004
Prionailurus_iriomotensis,,,,,,,,,,,,,,,,,,,,,,,,,,,,,,,,,,,,,,,,,,,,,,,,,,,,,,,,,,,,,,,,,,,,,,,,,,
Prionailurus_planiceps,DQ082557,,,,DQ081741,DQ082601,,,,DQ081781,,DQ081868,DQ081910,,,DQ081953,,,DQ082037,DQ082081,DQ082125,DQ082166,DQ082208,,,,,,,,,,,,,,,,DQ082691,DQ082296,,,DQ082341,,DQ082386,DQ082431,DQ095174,,DQ082474,,,,,,,,,,,,,,,,,,,,DQ082515,,,,AF252976,AF253003
Prionailurus_rubiginosus,DQ082554,,,,DQ081738,DQ082598,,,,DQ081778,,DQ081865,DQ081907,,,DQ081950,,DQ081992,DQ082035,DQ082078,DQ082122,DQ082163,DQ082205,,,,,,,,,,,,,,,,DQ082688,DQ082293,,,DQ082338,,DQ082383,DQ082428,DQ095176,,DQ082471,,,,,,,,,,,,,,,,,,,,DQ082512,,,,,
Prionailurus_viverrinus,DQ082556,,,,DQ081740,DQ082600,,,,DQ081780,,DQ081867,DQ081909,,,DQ081952,,DQ081994,DQ082036,DQ082080,DQ082124,DQ082165,DQ082207,,,,,,,,,,,,,,,,DQ082690,DQ082295,,,DQ082340,,DQ082385,DQ082430,DQ095182,,DQ082473,,,,,,,,,,,,,,,,,,,,DQ082514,,,,AF252978,AF253005
Prionodon_linsang,DQ082584,,,,DQ081767,DQ082628,,,,,,DQ081895,DQ081937,,,DQ081979,,DQ082020,DQ082064,DQ082107,DQ082152,DQ082190,DQ082235,,,,,,AF125141,,,,,,,,,,DQ082716,DQ082323,,,DQ082368,DQ267572,DQ082413,DQ082458,,,,,,,,,,,,,,,,,,,,,,,,,,,,
Prionodon_pardicolor,,,,,,,,,,,,,,,,,,,,,,,,,,,,,AF511048,,,,,,,,DQ286783,,,,,,,DQ267573,,,,,,,,,,,,,,,,,,,,,,,,,,,,,,
Procyon_cancrivorus,,AB193426,,,,,DQ660202,,,,,,,,,,,,,,,,,,,,,,DQ660305,,,,,,,,,,,DQ660251,,AB109360,DQ660278,AB109332,,,,,,,,,,,,,,,,,,,,,,,,,,,,,,
Procyon_lotor,,AB193427,,AF498128,,,AF003188,,,,,,,,,,AY664383,,,AF498207,,,,AY598573,AB297804,AY598575,AB297804,AB297804,X94930,AB297804,AY598579,AY598580,AY598581,AY598582,AM711899,AM711899,AM711899,AB291073,,DQ660252,,AB109359,DQ660279,AY525029,,,,AY750668,,,AM711899,AM711899,AM711899,AB297804,AB297804,AB297804,AB297804,AB291073,AB297804,AB297804,AM711899,L21862,AB297804,AM711899,AB297804,U78345,AB297804,AB291073,,,DQ093108,,,
Procyon_pygmaeus,,,,,,,,,,,,,,,,,,,,,,,,,,,,,,,,,,,,,,,,,,,,,,,,,,,,,,,,,,,,,,,,,,,,,,,,,,
Profelis_aurata,DQ082566,,,,DQ081750,DQ082610,,,,DQ081790,,DQ081877,DQ081919,,,DQ081961,,DQ082002,DQ082046,DQ082090,DQ082134,DQ082174,DQ082217,,,,,,,,,,,,,,,,DQ082698,DQ082305,,,DQ082350,,DQ082395,DQ082440,DQ095195,,DQ082483,,,,,,,,,,,,,,,,,,,,DQ082522,,,,AF252985,AF253011
Proteles_cristata,,AY928690,,,,,,DQ354460,DQ354460,,,,,,,,,,,AY928731,,,,,,,,,AY928679,,,,,,,,,,,,,AY928755,,,,,,,,,,,,,,,,,,,,,,,,,,,,,,,,
Pteronura_brasiliensis,,,,AF498114,,,,,,,,,,,,,,,,AF498192,,,,,,EF491173,,,AF057126,,,,,,,,,,,,,,,,,,,,,,,,,,,,,,,,,EF488561,,,EF488561,,,,,,,,,
Puma_concolor,DQ082558,,,,DQ081742,DQ082602,,,,DQ081782,,DQ081869,DQ081911,,,DQ081954,,DQ081995,DQ082038,DQ082082,DQ082126,DQ082167,DQ082209,AY598482,AY598483,AY598484,AY598485,AY598486,AY598487,AY598488,AY598489,AY598490,AY598491,AY598492,AY598493,,U33495,,DQ082692,DQ082297,,,DQ082342,DQ205911,DQ082387,DQ082432,DQ095190,,DQ082475,,,,,,,,,,,,,,,,,,,,,,,,AF252988,AF253018
Puma_yagouaroundi,DQ082559,,,,DQ081743,DQ082603,,,,DQ081783,,DQ081870,DQ081912,,,DQ081955,,DQ081996,DQ082039,DQ082083,DQ082127,DQ082168,DQ082210,,,,,,AY886751,,,,,,,,,,DQ082693,DQ082298,,,DQ082343,,DQ082388,DQ082433,DQ095179,,DQ082476,,,,,,,,,,,,,,,,,,,,DQ082516,,,,AF252987,AF253017
Pusa_caspica,,,,,,,,,,,,,,,,,,,,DQ205828,,,,AM181033,AM181033,AY140964,AM181033,AM181033,AM181033,AM181033,AM181033,AM181033,AM181033,AM181033,AM181033,AM181033,AM181033,AM181033,,,,,,DQ205905,,,AY424661,,,,AM181033,AM181033,AM181033,AM181033,AM181033,AM181033,AM181033,AM181033,AM181033,AM181033,AM181033,AM181033,AM181033,AM181033,AM181033,AM181033,AM181033,AM181033,,,,,,
Pusa_hispida,,,,,,,,,,,,,,,,,,,,DQ205823,,,,AY377308,AY377192,AY140962,AY140969,AY377261,AM181036,AM181036,AM181036,AM181036,AM181036,AY377238,AY377377,AM181036,AM181036,AM181036,,,,,,DQ205899,,,AY424663,,,,AM181036,AM181036,AM181036,AM181036,AM181036,AM181036,AM181036,AM181036,AM181036,AM181036,AM181036,AM181036,AM181036,AM181036,AM181036,AM181036,AM181036,AM181036,,,,,,
Pusa_sibirica,,,,,,,,,,,,,,,,,,,,,,,,AM181035,AM181035,AM181035,AM181035,AM181035,AY140977,AM181035,AM181035,AM181035,AM181035,AM181035,AM181035,AM181035,AM181035,AM181035,,,,,,,,,,,,,AM181035,AM181035,AM181035,AM181035,AM181035,AM181035,AM181035,AM181035,AM181035,AM181035,AM181035,AM181035,AM181035,AM181035,AM181035,AM181035,AM181035,AM181035,,,,,,
Rhynchogale_melleri,,,,,,,,,,,,,,,,,,,,,,,,,,,,,AF522344,,AY974036,,,,,,,,,,,,,,,,,,,,,,,,,,,,,,,,,,,,,,,,,,,
Salanoia_concolor,,,,,,,,,,,,,,,,,,,,,,,,,,,,,AY187007,,,,,,,,,,,,,,,,,,,,,,,,,,,,,,,,,,,,,,,,,,,,,
Speothos_venaticus,,,DQ240309,DQ240342,,,DQ240376,DQ240410,DQ240444,,DQ240574,,,DQ240607,AY885350,,,,,DQ240673,,,,,,,AF028227,,AF028155,,,,,,,,,,,,DQ240707,,,,,,,,,DQ240740,,,,,,,,,,,,,,,,,,,,DQ240774,AY885421,DQ240808,,
Spilogale_angustifrons,,,,,,,,,,,,,,,,,,,,,,,,,,,,,,,,,,,,,,,,,,,,,,,,,,,,,,,,,,,,,,,,,,,,,,,,,,
Spilogale_gracilis,,,,,,,,,,,,,,,,,,,,DQ205806,,,,,,,,,DQ471834,,,,,,,,,,,,,,,DQ205882,,,,,,,,,,,,,,,,,,,,,,,,,,,,,,
Spilogale_putorius,,,,,,,,,,,,,,,,,,,,,,,,AM711898,AM711898,AM711898,AM711898,,AM711898,AM711898,AM711898,AM711898,AM711898,AM711898,AM711898,AM711898,AM711898,AM711898,,,,,,,,,,AY750661,,,AM711898,AM711898,AM711898,AM711898,AM711898,AM711898,AM711898,AM711898,AM711898,AM711898,AM711898,AM711898,AM711898,AM711898,AM711898,U78346,AM711898,AM711898,,,,,,
Spilogale_pygmaea,,,,,,,,,,,,,,,,,,,,,,,,,,,,,,,,,,,,,,,,,,,,,,,,,,,,,,,,,,,,,,,,,,,,,,,,,,
Suricata_suricatta,DQ082587,,,,DQ081770,DQ082631,,,,DQ081808,,DQ081896,,,,,,DQ082023,DQ082067,DQ082110,,DQ082193,DQ082238,,,,,,AY170111,,AY170054,,,,,,D28899,,DQ082719,DQ082326,,,DQ082371,AY170084,DQ082416,,,,DQ082501,,,,,,,,,,,,,,,,,,,,DQ082542,,,AJ891099,,
Taxidea_taxus,,DQ660194,,AF498124,,,DQ660208,,,,,,,,,,,,,AF498203,,,,AY598562,AY598563,AY598564,AY598565,AY598566,AF057132,AY598567,AY750636,AY598569,AY598570,AY598571,AY598572,,U78347,U78347,,DQ660257,,DQ660271,DQ660284,DQ205885,,,,,,,,,,,,,,,,,,,,,,U78347,,,,,,,,
Tremarctos_ornatus,,,,,,,,,,,,,,,,,,,,,,,,EF196665,EF196665,EF196665,EF196665,EF196665,U23554,EF196665,AY170045,EF196665,EF196665,EF196665,EF196665,EF196665,EF196665,EF196665,,,,,,AY303840,,,AM748311,AY750670,,,EF196665,EF196665,,EF196665,EF196665,EF196665,EF196665,EF196665,EF196665,EF196665,,U23555,EF196665,EF196665,U23555,EF196665,EF196665,EF196665,,,,AM748295,,AM748303
Uncia_uncia,DQ082582,,,,DQ081765,DQ082626,,,,DQ081806,,DQ081893,DQ081935,,,DQ081977,AY664397,DQ082018,DQ082062,DQ082105,DQ082150,DQ082188,DQ082233,,,,,,DQ097339,,AY750646,,AY634394,,,,D28897,EU144038,DQ082714,DQ082321,AY239189,,DQ082366,AY525042,DQ082411,DQ082456,DQ095161,,DQ082499,,,,,,,,,,,,,,,,,,,,DQ082538,,,,,
Urocyon_cinereoargenteus,,,DQ240310,DQ240343,,,DQ240377,DQ240411,DQ240445,,DQ240575,,,DQ240608,AY885351,,,,,DQ240674,,,,,,,AY609155,,AF028156,,,,,,,,U78348,U78348,,,DQ240708,,,,,,,,,DQ240741,,,,,,,,,,,,,,,,U78348,,,,DQ240775,AY885422,DQ240809,,
Urocyon_littoralis,,,DQ240311,DQ240344,,,DQ240378,DQ240412,DQ240446,,DQ240576,,,DQ240609,,,AY664376,,,DQ240675,,,,,,,,,,,,,,,,,,,,,DQ240709,,,,,,,,,DQ240742,,,,,,,,,,,,,,,,,,,,DQ240776,DQ239483,DQ240810,,
Ursus_americanus,,,,DQ240352,,,DQ240386,DQ240420,DQ240454,,DQ240583,,,DQ240617,,,AY664379,,,AF392879,,,,AF303109,AF303109,AF303109,AF303109,AF303109,AF268271,AF303109,AF303109,AF303109,AF303109,AF303109,AF303109,AF303109,Y08520,AF303109,,,DQ240717,,,AY303837,,,AM748307,,,DQ240750,AF303109,AF303109,AF303109,AF303109,AF303109,AF303109,AF303109,AF303109,AF303109,AF303109,AF303109,U23557,AF303109,AF303109,U23557,U78349,AF303109,AF303109,,DQ240784,AY885426,AM748291,,AM748299
Ursus_arctos,,AB193429,,,AY011373,AY011437,AF002239,,,,,,,,,,AY664381,,,,,,,AF303110,AF303110,AF303110,AF303110,AF303110,AB020906,AF303110,AY750643,AF303110,AF303110,AF303110,AF303110,AF303110,AF303110,AF303110,,AY011862,,AB109361,AY011980,AY303842,,,AM748306,AY750671,,,AF303110,AF303110,AF303110,AF303110,AF303110,AF303110,AF303110,AF303110,AF303110,AF303110,AF303110,U34271,AF303110,AF303110,AY331262,AF303110,AF303110,AF303110,,,,AM748290,,AM748298
Ursus_maritimus,,,,,,,,,,,,,,,,,AY664380,,,DQ205798,,,,AJ428577,AJ428577,AJ428577,AJ428577,AJ428577,AJ428577,AF303111,AF303111,AJ428577,AJ428577,AJ428577,AJ428577,AJ428577,AJ428577,AJ428577,,,,,,AY303843,,,AM748305,,,,AJ428577,AJ428577,AJ428577,AJ428577,AJ428577,AJ428577,AF303111,AF303111,AJ428577,AJ428577,AJ428577,AJ428577,AF303111,AF303111,AJ428577,AJ428577,AJ428577,AF303111,,,,AM748289,,AM748297
Ursus_thibetanus,,,,,,,DQ093584,,,,,,,,,,,,,,,,,EF196661,EF196661,EF196661,EF196661,EF196661,AY522429,EF196661,EF196661,EF196661,EF196661,EF196661,EF076773,EF196661,EF076773,EF196661,,,,,,AY303841,,,AM748310,,,,EF196661,EF076773,EF076773,EF196661,EF196661,EF196661,EF196661,EF196661,EF076773,EF196661,EF076773,L21869,EF196661,EF196661,EF196661,EF196661,EF196661,EF196661,,,,AM748294,,AM748302
Viverra_civettina,,,,,,,,,,,,,,,,,,,,,,,,,,,,,,,,,,,,,,,,,,,,,,,,,,,,,,,,,,,,,,,,,,,,,,,,,,
Viverra_megaspila,,,,,,,,,,,,,,,,,,,,,,,,,,,,,AF511046,,,,,,,,,,,,,,,DQ267567,,,,,,,,,,,,,,,,,,,,,,,,,,,,,,
Viverra_tangalunga,,,,,,,,,,,,,,,,,,,,,,,,,,,,,AY170112,,AY170055,,,,,,,,,,,,,AY170085,,,,AY750681,,,,,,,,,,,,,,,,,,,,,,,,,,
Viverra_zibetha,,,,,,,,,,,,,,,,,,,,,,,,,,,,,AF511047,,,,,,,,DQ286779,,,,,,,DQ267566,,,,,,,,,,,,,,,,,,,,,,,,,,,,,,
Viverricula_indica,,,,,,,,,,,,,,,,,,,,,,,,,,,,,AF511044,,,,,,,,EF462466,,,,,,,DQ267568,,,,,,,,,,,,,,,,,,,,,,,,,,,,AJ891100,,
Vormela_peregusna,,,,,,,,,,,,,,,,,,,,,,,,,,,,,AY789053,,,,,,,,,,,,,,,,,,,,,,,,,,,,,,,,,,,,,,,,,,,,,
Vulpes_bengalensis,,,,,,,,,,,,,,,,,,,,,,,,,,,,,,,,,,,,,,,,,,,,,,,,,,,,,,,,,,,,,,,,,,,,,,,,,,
Vulpes_cana,,,DQ240312,DQ240345,,,DQ240379,DQ240413,DQ240447,,DQ240577,,,DQ240610,,,,,,DQ240676,,,,,,,,,,,,,,,,,,,,,DQ240710,,,,,,,,,DQ240743,,,,,,,,,,,,,,,,,,,,DQ240777,DQ239484,DQ240811,,
Vulpes_chama,,,DQ240313,DQ240346,,,DQ240380,DQ240414,DQ240448,,DQ240578,,,DQ240611,,,,,,DQ240677,,,,,,,,,,,,,,,,,,,,,DQ240711,,,,,,,,,DQ240744,,,,,,,,,,,,,,,,,,,,DQ240778,DQ239485,DQ240812,,
Vulpes_corsac,,,DQ240314,DQ240347,,,DQ240381,DQ240415,DQ240449,,DQ240579,,,DQ240612,AY885352,,,,,DQ240678,,,,,,,AY609156,,,,,,,,,,,,,,DQ240712,,,,,,,,,DQ240745,,,,,,,,,,,,,,,,,,,,DQ240779,AY885423,DQ240813,,
Vulpes_ferrilata,,,,,,,,,,,,,,,,,,,,,,,,,,,,,,,,,,,,,,,,,,,,,,,,,,,,,,,,,,,,,,,,,,,,,,,,,,
Vulpes_lagopus,,,DQ240289,DQ240322,,,DQ240356,DQ240390,DQ240424,,DQ240554,,,DQ240587,AY885332,,,,,DQ240653,,,,AY598506,AY598507,AY598508,AY609139,AY598510,AY598511,AY598512,AY598513,AY598514,AY598515,AY598516,AY598517,,,DQ334814,,,DQ240687,,,DQ205908,,,,,,DQ240721,,,,,,,,,,,,,,,,,,,,DQ240754,AY885403,DQ240788,,
Vulpes_macrotis,,,DQ240315,DQ240348,,,DQ240382,DQ240416,DQ240450,,DQ240580,,,DQ240613,AY885353,,,,,DQ240679,,,,,,,AY609157,,AF028157,,,,,,,,,,,,DQ240713,,,,,,,,,DQ240746,,,,,,,,,,,,,,,,,,,,DQ240780,AY885424,DQ240814,,AY310920
Vulpes_pallida,,,,,,,,,,,,,,,,,,,,,,,,,,,,,,,,,,,,,,,,,,,,,,,,,,,,,,,,,,,,,,,,,,,,,,,,,,
Vulpes_rueppellii,,,DQ240316,DQ240349,,,DQ240383,DQ240417,DQ240451,,DQ240581,,,DQ240614,,,,,,DQ240680,,,,,,,,,,,,,,,,,,,,,DQ240714,,,,,,,,,DQ240747,,,,,,,,,,,,,,,,,,,,DQ240781,DQ239486,DQ240815,,
Vulpes_velox,,,,,,,,,,,,,,,,,,,,DQ205838,,,,,,,,,AF036466,,,,,,,,,,,,,,,AF179293,,,,,,,,,,,,,,,,,,,,,,,,,,,,,,
Vulpes_vulpes,,AF548423,DQ240317,DQ240350,,,DQ240384,DQ240418,DQ240452,,DQ240582,,,DQ240615,AY885354,,,,,DQ240681,,,,AM181037,AM181037,AM181037,AM181037,AM181037,AB292752,AM181037,AY750614,AM181037,AM181037,AM181037,AM181037,AM181037,AM181037,AM181037,,,DQ240715,,,,,,AY600298,AY750655,,DQ240748,AM181037,AM181037,AM181037,AM181037,AM181037,AM181037,AM181037,AM181037,AM181037,AM181037,AM181037,AB292750,AM181037,AM181037,AB292750,AM181037,AM181037,AM181037,,DQ240782,AY885425,DQ240816,,
Vulpes_zerda,,,DQ240318,DQ240351,,,DQ240385,DQ240419,DQ240453,,,,,DQ240616,AY885346,,,,,DQ240682,,,,,,,AY609152,,AF028146,,,,,,,,,,,,DQ240716,,,,,,,,,DQ240749,,,,,,,,,,,,,,,,,,,,DQ240783,AY885417,DQ240817,,
Zalophus_californianus,,AF548424,,,,,,,,,,,,,,,,,,,,,,AM181017,AM181017,AM181017,AM181017,AM181017,X82310,AM181017,AM181017,AM181017,AM181017,AM181017,AM181017,AM181017,Y08525,AM181017,,,,AB302263,,AY525043,,,AY424650,AY750664,,,AM181017,AM181017,AM181017,AM181017,AM181017,AM181017,AM181017,AM181017,AM181017,AM181017,AM181017,AM181017,AM181017,AM181017,AM181017,U78350,AM181017,AM181017,,,,,,
Zalophus_japonicus,,,,,,,,,,,,,,,,,,,,,,,,,,,,,,,,,,,,,,,,,,,,,,,,,,,,,,,,,,,,,,,,,,,,,,,,,,
Zalophus_wollebaeki,,,,,,,,,,,,,,,,,,,,,,,,,,,,,AM422152,,,,,,,,,,,,,,,,,,,,,,,,,,,,,,,,,,,,,,,,,,,,,
